teamName,sport,year,wins,losses
Philadelphia 76ers,NBA,2001,56,26
Miami Heat,NBA,2001,50,32
New York Knicks,NBA,2001,48,34
Orlando Magic,NBA,2001,43,39
Boston Celtics,NBA,2001,36,46
New Jersey Nets,NBA,2001,26,56
Washington Wizards,NBA,2001,19,63
Milwaukee Bucks,NBA,2001,52,30
Toronto Raptors,NBA,2001,47,35
Charlotte Hornets,NBA,2001,46,36
Indiana Pacers,NBA,2001,41,41
Detroit Pistons,NBA,2001,32,50
Cleveland Cavaliers,NBA,2001,30,52
Atlanta Hawks,NBA,2001,25,57
Chicago Bulls,NBA,2001,15,67
San Antonio Spurs,NBA,2001,58,24
Utah Jazz,NBA,2001,53,29
Dallas Mavericks,NBA,2001,53,29
Minnesota Timberwolves,NBA,2001,47,35
Houston Rockets,NBA,2001,45,37
Denver Nuggets,NBA,2001,40,42
Vancouver Grizzlies,NBA,2001,23,59
Los Angeles Lakers,NBA,2001,56,26
Sacramento Kings,NBA,2001,55,27
Phoenix Suns,NBA,2001,51,31
Portland Trail Blazers,NBA,2001,50,32
Seattle SuperSonics,NBA,2001,44,38
Los Angeles Clippers,NBA,2001,31,51
Golden State Warriors,NBA,2001,17,65
New Jersey Nets,NBA,2002,52,30
Boston Celtics,NBA,2002,49,33
Orlando Magic,NBA,2002,44,38
Philadelphia 76ers,NBA,2002,43,39
Washington Wizards,NBA,2002,37,45
Miami Heat,NBA,2002,36,46
New York Knicks,NBA,2002,30,52
Detroit Pistons,NBA,2002,50,32
Charlotte Hornets,NBA,2002,44,38
Toronto Raptors,NBA,2002,42,40
Indiana Pacers,NBA,2002,42,40
Milwaukee Bucks,NBA,2002,41,41
Atlanta Hawks,NBA,2002,33,49
Cleveland Cavaliers,NBA,2002,29,53
Chicago Bulls,NBA,2002,21,61
San Antonio Spurs,NBA,2002,58,24
Dallas Mavericks,NBA,2002,57,25
Minnesota Timberwolves,NBA,2002,50,32
Utah Jazz,NBA,2002,44,38
Houston Rockets,NBA,2002,28,54
Denver Nuggets,NBA,2002,27,55
Memphis Grizzlies,NBA,2002,23,59
Sacramento Kings,NBA,2002,61,21
Los Angeles Lakers,NBA,2002,58,24
Portland Trail Blazers,NBA,2002,49,33
Seattle SuperSonics,NBA,2002,45,37
Los Angeles Clippers,NBA,2002,39,43
Phoenix Suns,NBA,2002,36,46
Golden State Warriors,NBA,2002,21,61
New Jersey Nets,NBA,2003,49,33
Philadelphia 76ers,NBA,2003,48,34
Boston Celtics,NBA,2003,44,38
Orlando Magic,NBA,2003,42,40
Washington Wizards,NBA,2003,37,45
New York Knicks,NBA,2003,37,45
Miami Heat,NBA,2003,25,57
Detroit Pistons,NBA,2003,50,32
Indiana Pacers,NBA,2003,48,34
New Orleans Hornets,NBA,2003,47,35
Milwaukee Bucks,NBA,2003,42,40
Atlanta Hawks,NBA,2003,35,47
Chicago Bulls,NBA,2003,30,52
Toronto Raptors,NBA,2003,24,58
Cleveland Cavaliers,NBA,2003,17,65
San Antonio Spurs,NBA,2003,60,22
Dallas Mavericks,NBA,2003,60,22
Minnesota Timberwolves,NBA,2003,51,31
Utah Jazz,NBA,2003,47,35
Houston Rockets,NBA,2003,43,39
Memphis Grizzlies,NBA,2003,28,54
Denver Nuggets,NBA,2003,17,65
Sacramento Kings,NBA,2003,59,23
Los Angeles Lakers,NBA,2003,50,32
Portland Trail Blazers,NBA,2003,50,32
Phoenix Suns,NBA,2003,44,38
Seattle SuperSonics,NBA,2003,40,42
Golden State Warriors,NBA,2003,38,44
Los Angeles Clippers,NBA,2003,27,55
New Jersey Nets,NBA,2004,47,35
Miami Heat,NBA,2004,42,40
New York Knicks,NBA,2004,39,43
Boston Celtics,NBA,2004,36,46
Philadelphia 76ers,NBA,2004,33,49
Washington Wizards,NBA,2004,25,57
Orlando Magic,NBA,2004,21,61
Indiana Pacers,NBA,2004,61,21
Detroit Pistons,NBA,2004,54,28
New Orleans Hornets,NBA,2004,41,41
Milwaukee Bucks,NBA,2004,41,41
Cleveland Cavaliers,NBA,2004,35,47
Toronto Raptors,NBA,2004,33,49
Atlanta Hawks,NBA,2004,28,54
Chicago Bulls,NBA,2004,23,59
Minnesota Timberwolves,NBA,2004,58,24
San Antonio Spurs,NBA,2004,57,25
Dallas Mavericks,NBA,2004,52,30
Memphis Grizzlies,NBA,2004,50,32
Houston Rockets,NBA,2004,45,37
Denver Nuggets,NBA,2004,43,39
Utah Jazz,NBA,2004,42,40
Los Angeles Lakers,NBA,2004,56,26
Sacramento Kings,NBA,2004,55,27
Portland Trail Blazers,NBA,2004,41,41
Golden State Warriors,NBA,2004,37,45
Seattle SuperSonics,NBA,2004,37,45
Phoenix Suns,NBA,2004,29,53
Los Angeles Clippers,NBA,2004,28,54
Boston Celtics,NBA,2005,45,37
Philadelphia 76ers,NBA,2005,43,39
New Jersey Nets,NBA,2005,42,40
Toronto Raptors,NBA,2005,33,49
New York Knicks,NBA,2005,33,49
Detroit Pistons,NBA,2005,54,28
Chicago Bulls,NBA,2005,47,35
Indiana Pacers,NBA,2005,44,38
Cleveland Cavaliers,NBA,2005,42,40
Milwaukee Bucks,NBA,2005,30,52
Miami Heat,NBA,2005,59,23
Washington Wizards,NBA,2005,45,37
Orlando Magic,NBA,2005,36,46
Charlotte Bobcats,NBA,2005,18,64
Atlanta Hawks,NBA,2005,13,69
Seattle SuperSonics,NBA,2005,52,30
Denver Nuggets,NBA,2005,49,33
Minnesota Timberwolves,NBA,2005,44,38
Portland Trail Blazers,NBA,2005,27,55
Utah Jazz,NBA,2005,26,56
Phoenix Suns,NBA,2005,62,20
Sacramento Kings,NBA,2005,50,32
Los Angeles Clippers,NBA,2005,37,45
Los Angeles Lakers,NBA,2005,34,48
Golden State Warriors,NBA,2005,34,48
San Antonio Spurs,NBA,2005,59,23
Dallas Mavericks,NBA,2005,58,24
Houston Rockets,NBA,2005,51,31
Memphis Grizzlies,NBA,2005,45,37
New Orleans Hornets,NBA,2005,18,64
New Jersey Nets,NBA,2006,49,33
Philadelphia 76ers,NBA,2006,38,44
Boston Celtics,NBA,2006,33,49
Toronto Raptors,NBA,2006,27,55
New York Knicks,NBA,2006,23,59
Detroit Pistons,NBA,2006,64,18
Cleveland Cavaliers,NBA,2006,50,32
Indiana Pacers,NBA,2006,41,41
Chicago Bulls,NBA,2006,41,41
Milwaukee Bucks,NBA,2006,40,42
Miami Heat,NBA,2006,52,30
Washington Wizards,NBA,2006,42,40
Orlando Magic,NBA,2006,36,46
Charlotte Bobcats,NBA,2006,26,56
Atlanta Hawks,NBA,2006,26,56
Denver Nuggets,NBA,2006,44,38
Utah Jazz,NBA,2006,41,41
Seattle SuperSonics,NBA,2006,35,47
Minnesota Timberwolves,NBA,2006,33,49
Portland Trail Blazers,NBA,2006,21,61
Phoenix Suns,NBA,2006,54,28
Los Angeles Clippers,NBA,2006,47,35
Los Angeles Lakers,NBA,2006,45,37
Sacramento Kings,NBA,2006,44,38
Golden State Warriors,NBA,2006,34,48
San Antonio Spurs,NBA,2006,63,19
Dallas Mavericks,NBA,2006,60,22
Memphis Grizzlies,NBA,2006,49,33
New Orleans/Oklahoma City Hornets,NBA,2006,38,44
Houston Rockets,NBA,2006,34,48
Toronto Raptors,NBA,2007,47,35
New Jersey Nets,NBA,2007,41,41
Philadelphia 76ers,NBA,2007,35,47
New York Knicks,NBA,2007,33,49
Boston Celtics,NBA,2007,24,58
Detroit Pistons,NBA,2007,53,29
Cleveland Cavaliers,NBA,2007,50,32
Chicago Bulls,NBA,2007,49,33
Indiana Pacers,NBA,2007,35,47
Milwaukee Bucks,NBA,2007,28,54
Miami Heat,NBA,2007,44,38
Washington Wizards,NBA,2007,41,41
Orlando Magic,NBA,2007,40,42
Charlotte Bobcats,NBA,2007,33,49
Atlanta Hawks,NBA,2007,30,52
Utah Jazz,NBA,2007,51,31
Denver Nuggets,NBA,2007,45,37
Portland Trail Blazers,NBA,2007,32,50
Minnesota Timberwolves,NBA,2007,32,50
Seattle SuperSonics,NBA,2007,31,51
Phoenix Suns,NBA,2007,61,21
Los Angeles Lakers,NBA,2007,42,40
Golden State Warriors,NBA,2007,42,40
Los Angeles Clippers,NBA,2007,40,42
Sacramento Kings,NBA,2007,33,49
Dallas Mavericks,NBA,2007,67,15
San Antonio Spurs,NBA,2007,58,24
Houston Rockets,NBA,2007,52,30
New Orleans/Oklahoma City Hornets,NBA,2007,39,43
Memphis Grizzlies,NBA,2007,22,60
Boston Celtics,NBA,2008,66,16
Toronto Raptors,NBA,2008,41,41
Philadelphia 76ers,NBA,2008,40,42
New Jersey Nets,NBA,2008,34,48
New York Knicks,NBA,2008,23,59
Detroit Pistons,NBA,2008,59,23
Cleveland Cavaliers,NBA,2008,45,37
Indiana Pacers,NBA,2008,36,46
Chicago Bulls,NBA,2008,33,49
Milwaukee Bucks,NBA,2008,26,56
Orlando Magic,NBA,2008,52,30
Washington Wizards,NBA,2008,43,39
Atlanta Hawks,NBA,2008,37,45
Charlotte Bobcats,NBA,2008,32,50
Miami Heat,NBA,2008,15,67
Utah Jazz,NBA,2008,54,28
Denver Nuggets,NBA,2008,50,32
Portland Trail Blazers,NBA,2008,41,41
Minnesota Timberwolves,NBA,2008,22,60
Seattle SuperSonics,NBA,2008,20,62
Los Angeles Lakers,NBA,2008,57,25
Phoenix Suns,NBA,2008,55,27
Golden State Warriors,NBA,2008,48,34
Sacramento Kings,NBA,2008,38,44
Los Angeles Clippers,NBA,2008,23,59
New Orleans Hornets,NBA,2008,56,26
San Antonio Spurs,NBA,2008,56,26
Houston Rockets,NBA,2008,55,27
Dallas Mavericks,NBA,2008,51,31
Memphis Grizzlies,NBA,2008,22,60
Boston Celtics,NBA,2009,62,20
Philadelphia 76ers,NBA,2009,41,41
New Jersey Nets,NBA,2009,34,48
Toronto Raptors,NBA,2009,33,49
New York Knicks,NBA,2009,32,50
Cleveland Cavaliers,NBA,2009,66,16
Chicago Bulls,NBA,2009,41,41
Detroit Pistons,NBA,2009,39,43
Indiana Pacers,NBA,2009,36,46
Milwaukee Bucks,NBA,2009,34,48
Orlando Magic,NBA,2009,59,23
Atlanta Hawks,NBA,2009,47,35
Miami Heat,NBA,2009,43,39
Charlotte Bobcats,NBA,2009,35,47
Washington Wizards,NBA,2009,19,63
Denver Nuggets,NBA,2009,54,28
Portland Trail Blazers,NBA,2009,54,28
Utah Jazz,NBA,2009,48,34
Minnesota Timberwolves,NBA,2009,24,58
Oklahoma City Thunder,NBA,2009,23,59
Los Angeles Lakers,NBA,2009,65,17
Phoenix Suns,NBA,2009,46,36
Golden State Warriors,NBA,2009,29,53
Los Angeles Clippers,NBA,2009,19,63
Sacramento Kings,NBA,2009,17,65
San Antonio Spurs,NBA,2009,54,28
Houston Rockets,NBA,2009,53,29
Dallas Mavericks,NBA,2009,50,32
New Orleans Hornets,NBA,2009,49,33
Memphis Grizzlies,NBA,2009,24,58
Boston Celtics,NBA,2010,50,32
Toronto Raptors,NBA,2010,40,42
New York Knicks,NBA,2010,29,53
Philadelphia 76ers,NBA,2010,27,55
New Jersey Nets,NBA,2010,12,70
Cleveland Cavaliers,NBA,2010,61,21
Milwaukee Bucks,NBA,2010,46,36
Chicago Bulls,NBA,2010,41,41
Indiana Pacers,NBA,2010,32,50
Detroit Pistons,NBA,2010,27,55
Orlando Magic,NBA,2010,59,23
Atlanta Hawks,NBA,2010,53,29
Miami Heat,NBA,2010,47,35
Charlotte Bobcats,NBA,2010,44,38
Washington Wizards,NBA,2010,26,56
Denver Nuggets,NBA,2010,53,29
Utah Jazz,NBA,2010,53,29
Portland Trail Blazers,NBA,2010,50,32
Oklahoma City Thunder,NBA,2010,50,32
Minnesota Timberwolves,NBA,2010,15,67
Los Angeles Lakers,NBA,2010,57,25
Phoenix Suns,NBA,2010,54,28
Los Angeles Clippers,NBA,2010,29,53
Golden State Warriors,NBA,2010,26,56
Sacramento Kings,NBA,2010,25,57
Dallas Mavericks,NBA,2010,55,27
San Antonio Spurs,NBA,2010,50,32
Houston Rockets,NBA,2010,42,40
Memphis Grizzlies,NBA,2010,40,42
New Orleans Hornets,NBA,2010,37,45
Boston Celtics,NBA,2011,56,26
New York Knicks,NBA,2011,42,40
Philadelphia 76ers,NBA,2011,41,41
New Jersey Nets,NBA,2011,24,58
Toronto Raptors,NBA,2011,22,60
Chicago Bulls,NBA,2011,62,20
Indiana Pacers,NBA,2011,37,45
Milwaukee Bucks,NBA,2011,35,47
Detroit Pistons,NBA,2011,30,52
Cleveland Cavaliers,NBA,2011,19,63
Miami Heat,NBA,2011,58,24
Orlando Magic,NBA,2011,52,30
Atlanta Hawks,NBA,2011,44,38
Charlotte Bobcats,NBA,2011,34,48
Washington Wizards,NBA,2011,23,59
Oklahoma City Thunder,NBA,2011,55,27
Denver Nuggets,NBA,2011,50,32
Portland Trail Blazers,NBA,2011,48,34
Utah Jazz,NBA,2011,39,43
Minnesota Timberwolves,NBA,2011,17,65
Los Angeles Lakers,NBA,2011,57,25
Phoenix Suns,NBA,2011,40,42
Golden State Warriors,NBA,2011,36,46
Los Angeles Clippers,NBA,2011,32,50
Sacramento Kings,NBA,2011,24,58
San Antonio Spurs,NBA,2011,61,21
Dallas Mavericks,NBA,2011,57,25
New Orleans Hornets,NBA,2011,46,36
Memphis Grizzlies,NBA,2011,46,36
Houston Rockets,NBA,2011,43,39
Boston Celtics,NBA,2012,39,27
New York Knicks,NBA,2012,36,30
Philadelphia 76ers,NBA,2012,35,31
Toronto Raptors,NBA,2012,23,43
New Jersey Nets,NBA,2012,22,44
Chicago Bulls,NBA,2012,50,16
Indiana Pacers,NBA,2012,42,24
Milwaukee Bucks,NBA,2012,31,35
Detroit Pistons,NBA,2012,25,41
Cleveland Cavaliers,NBA,2012,21,45
Miami Heat,NBA,2012,46,20
Atlanta Hawks,NBA,2012,40,26
Orlando Magic,NBA,2012,37,29
Washington Wizards,NBA,2012,20,46
Charlotte Bobcats,NBA,2012,7,59
Oklahoma City Thunder,NBA,2012,47,19
Denver Nuggets,NBA,2012,38,28
Utah Jazz,NBA,2012,36,30
Portland Trail Blazers,NBA,2012,28,38
Minnesota Timberwolves,NBA,2012,26,40
Los Angeles Lakers,NBA,2012,41,25
Los Angeles Clippers,NBA,2012,40,26
Phoenix Suns,NBA,2012,33,33
Golden State Warriors,NBA,2012,23,43
Sacramento Kings,NBA,2012,22,44
San Antonio Spurs,NBA,2012,50,16
Memphis Grizzlies,NBA,2012,41,25
Dallas Mavericks,NBA,2012,36,30
Houston Rockets,NBA,2012,34,32
New Orleans Hornets,NBA,2012,21,45
New York Knicks,NBA,2013,54,28
Brooklyn Nets,NBA,2013,49,33
Boston Celtics,NBA,2013,41,40
Philadelphia 76ers,NBA,2013,34,48
Toronto Raptors,NBA,2013,34,48
Indiana Pacers,NBA,2013,49,32
Chicago Bulls,NBA,2013,45,37
Milwaukee Bucks,NBA,2013,38,44
Detroit Pistons,NBA,2013,29,53
Cleveland Cavaliers,NBA,2013,24,58
Miami Heat,NBA,2013,66,16
Atlanta Hawks,NBA,2013,44,38
Washington Wizards,NBA,2013,29,53
Charlotte Bobcats,NBA,2013,21,61
Orlando Magic,NBA,2013,20,62
Oklahoma City Thunder,NBA,2013,60,22
Denver Nuggets,NBA,2013,57,25
Utah Jazz,NBA,2013,43,39
Portland Trail Blazers,NBA,2013,33,49
Minnesota Timberwolves,NBA,2013,31,51
Los Angeles Clippers,NBA,2013,56,26
Golden State Warriors,NBA,2013,47,35
Los Angeles Lakers,NBA,2013,45,37
Sacramento Kings,NBA,2013,28,54
Phoenix Suns,NBA,2013,25,57
San Antonio Spurs,NBA,2013,58,24
Memphis Grizzlies,NBA,2013,56,26
Houston Rockets,NBA,2013,45,37
Dallas Mavericks,NBA,2013,41,41
New Orleans Hornets,NBA,2013,27,55
Toronto Raptors,NBA,2014,48,34
Brooklyn Nets,NBA,2014,44,38
New York Knicks,NBA,2014,37,45
Boston Celtics,NBA,2014,25,57
Philadelphia 76ers,NBA,2014,19,63
Indiana Pacers,NBA,2014,56,26
Chicago Bulls,NBA,2014,48,34
Cleveland Cavaliers,NBA,2014,33,49
Detroit Pistons,NBA,2014,29,53
Milwaukee Bucks,NBA,2014,15,67
Miami Heat,NBA,2014,54,28
Washington Wizards,NBA,2014,44,38
Charlotte Bobcats,NBA,2014,43,39
Atlanta Hawks,NBA,2014,38,44
Orlando Magic,NBA,2014,23,59
Oklahoma City Thunder,NBA,2014,59,23
Portland Trail Blazers,NBA,2014,54,28
Minnesota Timberwolves,NBA,2014,40,42
Denver Nuggets,NBA,2014,36,46
Utah Jazz,NBA,2014,25,57
Los Angeles Clippers,NBA,2014,57,25
Golden State Warriors,NBA,2014,51,31
Phoenix Suns,NBA,2014,48,34
Sacramento Kings,NBA,2014,28,54
Los Angeles Lakers,NBA,2014,27,55
San Antonio Spurs,NBA,2014,62,20
Houston Rockets,NBA,2014,54,28
Memphis Grizzlies,NBA,2014,50,32
Dallas Mavericks,NBA,2014,49,33
New Orleans Pelicans,NBA,2014,34,48
Toronto Raptors,NBA,2015,49,33
Boston Celtics,NBA,2015,40,42
Brooklyn Nets,NBA,2015,38,44
Philadelphia 76ers,NBA,2015,18,64
New York Knicks,NBA,2015,17,65
Cleveland Cavaliers,NBA,2015,53,29
Chicago Bulls,NBA,2015,50,32
Milwaukee Bucks,NBA,2015,41,41
Indiana Pacers,NBA,2015,38,44
Detroit Pistons,NBA,2015,32,50
Atlanta Hawks,NBA,2015,60,22
Washington Wizards,NBA,2015,46,36
Miami Heat,NBA,2015,37,45
Charlotte Hornets,NBA,2015,33,49
Orlando Magic,NBA,2015,25,57
Portland Trail Blazers,NBA,2015,51,31
Oklahoma City Thunder,NBA,2015,45,37
Utah Jazz,NBA,2015,38,44
Denver Nuggets,NBA,2015,30,52
Minnesota Timberwolves,NBA,2015,16,66
Golden State Warriors,NBA,2015,67,15
Los Angeles Clippers,NBA,2015,56,26
Phoenix Suns,NBA,2015,39,43
Sacramento Kings,NBA,2015,29,53
Los Angeles Lakers,NBA,2015,21,61
Houston Rockets,NBA,2015,56,26
Memphis Grizzlies,NBA,2015,55,27
San Antonio Spurs,NBA,2015,55,27
Dallas Mavericks,NBA,2015,50,32
New Orleans Pelicans,NBA,2015,45,37
Cleveland Cavaliers,NBA,2016,57,25
Toronto Raptors,NBA,2016,56,26
Miami Heat,NBA,2016,48,34
Atlanta Hawks,NBA,2016,48,34
Boston Celtics,NBA,2016,48,34
Charlotte Hornets,NBA,2016,48,34
Indiana Pacers,NBA,2016,45,37
Detroit Pistons,NBA,2016,44,38
Chicago Bulls,NBA,2016,42,40
Washington Wizards,NBA,2016,41,41
Orlando Magic,NBA,2016,35,47
Milwaukee Bucks,NBA,2016,33,49
New York Knicks,NBA,2016,32,50
Brooklyn Nets,NBA,2016,21,61
Philadelphia 76ers,NBA,2016,10,72
Golden State Warriors,NBA,2016,73,9
San Antonio Spurs,NBA,2016,67,15
Oklahoma City Thunder,NBA,2016,55,27
Los Angeles Clippers,NBA,2016,53,29
Portland Trail Blazers,NBA,2016,44,38
Dallas Mavericks,NBA,2016,42,40
Memphis Grizzlies,NBA,2016,42,40
Houston Rockets,NBA,2016,41,41
Utah Jazz,NBA,2016,40,42
Sacramento Kings,NBA,2016,33,49
Denver Nuggets,NBA,2016,33,49
New Orleans Pelicans,NBA,2016,30,52
Minnesota Timberwolves,NBA,2016,29,53
Phoenix Suns,NBA,2016,23,59
Los Angeles Lakers,NBA,2016,17,65
Boston Celtics,NBA,2017,53,29
Cleveland Cavaliers,NBA,2017,51,31
Toronto Raptors,NBA,2017,51,31
Washington Wizards,NBA,2017,49,33
Atlanta Hawks,NBA,2017,43,39
Milwaukee Bucks,NBA,2017,42,40
Indiana Pacers,NBA,2017,42,40
Chicago Bulls,NBA,2017,41,41
Miami Heat,NBA,2017,41,41
Detroit Pistons,NBA,2017,37,45
Charlotte Hornets,NBA,2017,36,46
New York Knicks,NBA,2017,31,51
Orlando Magic,NBA,2017,29,53
Philadelphia 76ers,NBA,2017,28,54
Brooklyn Nets,NBA,2017,20,62
Golden State Warriors,NBA,2017,67,15
San Antonio Spurs,NBA,2017,61,21
Houston Rockets,NBA,2017,55,27
Los Angeles Clippers,NBA,2017,51,31
Utah Jazz,NBA,2017,51,31
Oklahoma City Thunder,NBA,2017,47,35
Memphis Grizzlies,NBA,2017,43,39
Portland Trail Blazers,NBA,2017,41,41
Denver Nuggets,NBA,2017,40,42
New Orleans Pelicans,NBA,2017,34,48
Dallas Mavericks,NBA,2017,33,49
Sacramento Kings,NBA,2017,32,50
Minnesota Timberwolves,NBA,2017,31,51
Los Angeles Lakers,NBA,2017,26,56
Phoenix Suns,NBA,2017,24,58
Toronto Raptors,NBA,2018,59,23
Boston Celtics,NBA,2018,55,27
Philadelphia 76ers,NBA,2018,52,30
Cleveland Cavaliers,NBA,2018,50,32
Indiana Pacers,NBA,2018,48,34
Miami Heat,NBA,2018,44,38
Milwaukee Bucks,NBA,2018,44,38
Washington Wizards,NBA,2018,43,39
Detroit Pistons,NBA,2018,39,43
Charlotte Hornets,NBA,2018,36,46
New York Knicks,NBA,2018,29,53
Brooklyn Nets,NBA,2018,28,54
Chicago Bulls,NBA,2018,27,55
Orlando Magic,NBA,2018,25,57
Atlanta Hawks,NBA,2018,24,58
Houston Rockets,NBA,2018,65,17
Golden State Warriors,NBA,2018,58,24
Portland Trail Blazers,NBA,2018,49,33
Oklahoma City Thunder,NBA,2018,48,34
Utah Jazz,NBA,2018,48,34
New Orleans Pelicans,NBA,2018,48,34
San Antonio Spurs,NBA,2018,47,35
Minnesota Timberwolves,NBA,2018,47,35
Denver Nuggets,NBA,2018,46,36
Los Angeles Clippers,NBA,2018,42,40
Los Angeles Lakers,NBA,2018,35,47
Sacramento Kings,NBA,2018,27,55
Dallas Mavericks,NBA,2018,24,58
Memphis Grizzlies,NBA,2018,22,60
Phoenix Suns,NBA,2018,21,61
Milwaukee Bucks,NBA,2019,60,22
Toronto Raptors,NBA,2019,58,24
Philadelphia 76ers,NBA,2019,51,31
Boston Celtics,NBA,2019,49,33
Indiana Pacers,NBA,2019,48,34
Brooklyn Nets,NBA,2019,42,40
Orlando Magic,NBA,2019,42,40
Detroit Pistons,NBA,2019,41,41
Charlotte Hornets,NBA,2019,39,43
Miami Heat,NBA,2019,39,43
Washington Wizards,NBA,2019,32,50
Atlanta Hawks,NBA,2019,29,53
Chicago Bulls,NBA,2019,22,60
Cleveland Cavaliers,NBA,2019,19,63
New York Knicks,NBA,2019,17,65
Golden State Warriors,NBA,2019,57,25
Denver Nuggets,NBA,2019,54,28
Portland Trail Blazers,NBA,2019,53,29
Houston Rockets,NBA,2019,53,29
Utah Jazz,NBA,2019,50,32
Oklahoma City Thunder,NBA,2019,49,33
San Antonio Spurs,NBA,2019,48,34
Los Angeles Clippers,NBA,2019,48,34
Sacramento Kings,NBA,2019,39,43
Los Angeles Lakers,NBA,2019,37,45
Minnesota Timberwolves,NBA,2019,36,46
Memphis Grizzlies,NBA,2019,33,49
New Orleans Pelicans,NBA,2019,33,49
Dallas Mavericks,NBA,2019,33,49
Phoenix Suns,NBA,2019,19,63
Milwaukee Bucks,NBA,2020,56,17
Toronto Raptors,NBA,2020,53,19
Boston Celtics,NBA,2020,48,24
Indiana Pacers,NBA,2020,45,28
Miami Heat,NBA,2020,44,29
Philadelphia 76ers,NBA,2020,43,30
Brooklyn Nets,NBA,2020,35,37
Orlando Magic,NBA,2020,33,40
Charlotte Hornets,NBA,2020,23,42
Washington Wizards,NBA,2020,25,47
Chicago Bulls,NBA,2020,22,43
New York Knicks,NBA,2020,21,45
Detroit Pistons,NBA,2020,20,46
Atlanta Hawks,NBA,2020,20,47
Cleveland Cavaliers,NBA,2020,19,46
Los Angeles Lakers,NBA,2020,52,19
Los Angeles Clippers,NBA,2020,49,23
Denver Nuggets,NBA,2020,46,27
Houston Rockets,NBA,2020,44,28
Oklahoma City Thunder,NBA,2020,44,28
Utah Jazz,NBA,2020,44,28
Dallas Mavericks,NBA,2020,43,32
Portland Trail Blazers,NBA,2020,35,39
Memphis Grizzlies,NBA,2020,34,39
Phoenix Suns,NBA,2020,34,39
San Antonio Spurs,NBA,2020,32,39
Sacramento Kings,NBA,2020,31,41
New Orleans Pelicans,NBA,2020,30,42
Minnesota Timberwolves,NBA,2020,19,45
Golden State Warriors,NBA,2020,15,50
Philadelphia 76ers,NBA,2021,49,23
Brooklyn Nets,NBA,2021,48,24
Milwaukee Bucks,NBA,2021,46,26
New York Knicks,NBA,2021,41,31
Atlanta Hawks,NBA,2021,41,31
Miami Heat,NBA,2021,40,32
Boston Celtics,NBA,2021,36,36
Washington Wizards,NBA,2021,34,38
Indiana Pacers,NBA,2021,34,38
Charlotte Hornets,NBA,2021,33,39
Chicago Bulls,NBA,2021,31,41
Toronto Raptors,NBA,2021,27,45
Cleveland Cavaliers,NBA,2021,22,50
Orlando Magic,NBA,2021,21,51
Detroit Pistons,NBA,2021,20,52
Utah Jazz,NBA,2021,52,20
Phoenix Suns,NBA,2021,51,21
Denver Nuggets,NBA,2021,47,25
Los Angeles Clippers,NBA,2021,47,25
Dallas Mavericks,NBA,2021,42,30
Portland Trail Blazers,NBA,2021,42,30
Los Angeles Lakers,NBA,2021,42,30
Golden State Warriors,NBA,2021,39,33
Memphis Grizzlies,NBA,2021,38,34
San Antonio Spurs,NBA,2021,33,39
New Orleans Pelicans,NBA,2021,31,41
Sacramento Kings,NBA,2021,31,41
Minnesota Timberwolves,NBA,2021,23,49
Oklahoma City Thunder,NBA,2021,22,50
Houston Rockets,NBA,2021,17,55
New York Yankees,MLB,2001,95,65
Boston Red Sox,MLB,2001,82,79
Toronto Blue Jays,MLB,2001,80,82
Baltimore Orioles,MLB,2001,63,98
Tampa Bay Devil Rays,MLB,2001,62,100
Cleveland Indians,MLB,2001,91,71
Minnesota Twins,MLB,2001,85,77
Chicago White Sox,MLB,2001,83,79
Detroit Tigers,MLB,2001,66,96
Kansas City Royals,MLB,2001,65,97
Seattle Mariners,MLB,2001,116,46
Oakland Athletics,MLB,2001,102,60
Anaheim Angels,MLB,2001,75,87
Texas Rangers,MLB,2001,73,89
Atlanta Braves,MLB,2001,88,74
Philadelphia Phillies,MLB,2001,86,76
New York Mets,MLB,2001,82,80
Florida Marlins,MLB,2001,76,86
Montreal Expos,MLB,2001,68,94
Houston Astros,MLB,2001,93,69
St. Louis Cardinals,MLB,2001,93,69
Chicago Cubs,MLB,2001,88,74
Milwaukee Brewers,MLB,2001,68,94
Cincinnati Reds,MLB,2001,66,96
Pittsburgh Pirates,MLB,2001,62,100
Arizona Diamondbacks,MLB,2001,92,70
San Francisco Giants,MLB,2001,90,72
Los Angeles Dodgers,MLB,2001,86,76
San Diego Padres,MLB,2001,79,83
Colorado Rockies,MLB,2001,73,89
New York Yankees,MLB,2002,103,58
Boston Red Sox,MLB,2002,93,69
Toronto Blue Jays,MLB,2002,78,84
Baltimore Orioles,MLB,2002,67,95
Tampa Bay Devil Rays,MLB,2002,55,106
Minnesota Twins,MLB,2002,94,67
Chicago White Sox,MLB,2002,81,81
Cleveland Indians,MLB,2002,74,88
Kansas City Royals,MLB,2002,62,100
Detroit Tigers,MLB,2002,55,106
Oakland Athletics,MLB,2002,103,59
Anaheim Angels,MLB,2002,99,63
Seattle Mariners,MLB,2002,93,69
Texas Rangers,MLB,2002,72,90
Atlanta Braves,MLB,2002,101,59
Montreal Expos,MLB,2002,83,79
Philadelphia Phillies,MLB,2002,80,81
Florida Marlins,MLB,2002,79,83
New York Mets,MLB,2002,75,86
St. Louis Cardinals,MLB,2002,97,65
Houston Astros,MLB,2002,84,78
Cincinnati Reds,MLB,2002,78,84
Pittsburgh Pirates,MLB,2002,72,89
Chicago Cubs,MLB,2002,67,95
Milwaukee Brewers,MLB,2002,56,106
Arizona Diamondbacks,MLB,2002,98,64
San Francisco Giants,MLB,2002,95,66
Los Angeles Dodgers,MLB,2002,92,70
Colorado Rockies,MLB,2002,73,89
San Diego Padres,MLB,2002,66,96
New York Yankees,MLB,2003,101,61
Boston Red Sox,MLB,2003,95,67
Toronto Blue Jays,MLB,2003,86,76
Baltimore Orioles,MLB,2003,71,91
Tampa Bay Devil Rays,MLB,2003,63,99
Minnesota Twins,MLB,2003,90,72
Chicago White Sox,MLB,2003,86,76
Kansas City Royals,MLB,2003,83,79
Cleveland Indians,MLB,2003,68,94
Detroit Tigers,MLB,2003,43,119
Oakland Athletics,MLB,2003,96,66
Seattle Mariners,MLB,2003,93,69
Anaheim Angels,MLB,2003,77,85
Texas Rangers,MLB,2003,71,91
Atlanta Braves,MLB,2003,101,61
Florida Marlins,MLB,2003,91,71
Philadelphia Phillies,MLB,2003,86,76
Montreal Expos,MLB,2003,83,79
New York Mets,MLB,2003,66,95
Chicago Cubs,MLB,2003,88,74
Houston Astros,MLB,2003,87,75
St. Louis Cardinals,MLB,2003,85,77
Pittsburgh Pirates,MLB,2003,75,87
Cincinnati Reds,MLB,2003,69,93
Milwaukee Brewers,MLB,2003,68,94
San Francisco Giants,MLB,2003,100,61
Los Angeles Dodgers,MLB,2003,85,77
Arizona Diamondbacks,MLB,2003,84,78
Colorado Rockies,MLB,2003,74,88
San Diego Padres,MLB,2003,64,98
New York Yankees,MLB,2004,101,61
Boston Red Sox,MLB,2004,98,64
Baltimore Orioles,MLB,2004,78,84
Tampa Bay Devil Rays,MLB,2004,70,91
Toronto Blue Jays,MLB,2004,67,94
Minnesota Twins,MLB,2004,92,70
Chicago White Sox,MLB,2004,83,79
Cleveland Indians,MLB,2004,80,82
Detroit Tigers,MLB,2004,72,90
Kansas City Royals,MLB,2004,58,104
Anaheim Angels,MLB,2004,92,70
Oakland Athletics,MLB,2004,91,71
Texas Rangers,MLB,2004,89,73
Seattle Mariners,MLB,2004,63,99
Atlanta Braves,MLB,2004,96,66
Philadelphia Phillies,MLB,2004,86,76
Florida Marlins,MLB,2004,83,79
New York Mets,MLB,2004,71,91
Montreal Expos,MLB,2004,67,95
St. Louis Cardinals,MLB,2004,105,57
Houston Astros,MLB,2004,92,70
Chicago Cubs,MLB,2004,89,73
Cincinnati Reds,MLB,2004,76,86
Pittsburgh Pirates,MLB,2004,72,89
Milwaukee Brewers,MLB,2004,67,94
Los Angeles Dodgers,MLB,2004,93,69
San Francisco Giants,MLB,2004,91,71
San Diego Padres,MLB,2004,87,75
Colorado Rockies,MLB,2004,68,94
Arizona Diamondbacks,MLB,2004,51,111
New York Yankees,MLB,2005,95,67
Boston Red Sox,MLB,2005,95,67
Toronto Blue Jays,MLB,2005,80,82
Baltimore Orioles,MLB,2005,74,88
Tampa Bay Devil Rays,MLB,2005,67,95
Chicago White Sox,MLB,2005,99,63
Cleveland Indians,MLB,2005,93,69
Minnesota Twins,MLB,2005,83,79
Detroit Tigers,MLB,2005,71,91
Kansas City Royals,MLB,2005,56,106
Los Angeles Angels of Anaheim,MLB,2005,95,67
Oakland Athletics,MLB,2005,88,74
Texas Rangers,MLB,2005,79,83
Seattle Mariners,MLB,2005,69,93
Atlanta Braves,MLB,2005,90,72
Philadelphia Phillies,MLB,2005,88,74
Florida Marlins,MLB,2005,83,79
New York Mets,MLB,2005,83,79
Washington Nationals,MLB,2005,81,81
St. Louis Cardinals,MLB,2005,100,62
Houston Astros,MLB,2005,89,73
Milwaukee Brewers,MLB,2005,81,81
Chicago Cubs,MLB,2005,79,83
Cincinnati Reds,MLB,2005,73,89
Pittsburgh Pirates,MLB,2005,67,95
San Diego Padres,MLB,2005,82,80
Arizona Diamondbacks,MLB,2005,77,85
San Francisco Giants,MLB,2005,75,87
Los Angeles Dodgers,MLB,2005,71,91
Colorado Rockies,MLB,2005,67,95
New York Yankees,MLB,2006,97,65
Toronto Blue Jays,MLB,2006,87,75
Boston Red Sox,MLB,2006,86,76
Baltimore Orioles,MLB,2006,70,92
Tampa Bay Devil Rays,MLB,2006,61,101
Minnesota Twins,MLB,2006,96,66
Detroit Tigers,MLB,2006,95,67
Chicago White Sox,MLB,2006,90,72
Cleveland Indians,MLB,2006,78,84
Kansas City Royals,MLB,2006,62,100
Oakland Athletics,MLB,2006,93,69
Los Angeles Angels of Anaheim,MLB,2006,89,73
Texas Rangers,MLB,2006,80,82
Seattle Mariners,MLB,2006,78,84
New York Mets,MLB,2006,97,65
Philadelphia Phillies,MLB,2006,85,77
Atlanta Braves,MLB,2006,79,83
Florida Marlins,MLB,2006,78,84
Washington Nationals,MLB,2006,71,91
St. Louis Cardinals,MLB,2006,83,78
Houston Astros,MLB,2006,82,80
Cincinnati Reds,MLB,2006,80,82
Milwaukee Brewers,MLB,2006,75,87
Pittsburgh Pirates,MLB,2006,67,95
Chicago Cubs,MLB,2006,66,96
San Diego Padres,MLB,2006,88,74
Los Angeles Dodgers,MLB,2006,88,74
San Francisco Giants,MLB,2006,76,85
Arizona Diamondbacks,MLB,2006,76,86
Colorado Rockies,MLB,2006,76,86
Boston Red Sox,MLB,2007,96,66
New York Yankees,MLB,2007,94,68
Toronto Blue Jays,MLB,2007,83,79
Baltimore Orioles,MLB,2007,69,93
Tampa Bay Devil Rays,MLB,2007,66,96
Cleveland Indians,MLB,2007,96,66
Detroit Tigers,MLB,2007,88,74
Minnesota Twins,MLB,2007,79,83
Chicago White Sox,MLB,2007,72,90
Kansas City Royals,MLB,2007,69,93
Los Angeles Angels of Anaheim,MLB,2007,94,68
Seattle Mariners,MLB,2007,88,74
Oakland Athletics,MLB,2007,76,86
Texas Rangers,MLB,2007,75,87
Philadelphia Phillies,MLB,2007,89,73
New York Mets,MLB,2007,88,74
Atlanta Braves,MLB,2007,84,78
Washington Nationals,MLB,2007,73,89
Florida Marlins,MLB,2007,71,91
Chicago Cubs,MLB,2007,85,77
Milwaukee Brewers,MLB,2007,83,79
St. Louis Cardinals,MLB,2007,78,84
Houston Astros,MLB,2007,73,89
Cincinnati Reds,MLB,2007,72,90
Pittsburgh Pirates,MLB,2007,68,94
Arizona Diamondbacks,MLB,2007,90,72
Colorado Rockies,MLB,2007,90,73
San Diego Padres,MLB,2007,89,74
Los Angeles Dodgers,MLB,2007,82,80
San Francisco Giants,MLB,2007,71,91
Tampa Bay Rays,MLB,2008,97,65
Boston Red Sox,MLB,2008,95,67
New York Yankees,MLB,2008,89,73
Toronto Blue Jays,MLB,2008,86,76
Baltimore Orioles,MLB,2008,68,93
Chicago White Sox,MLB,2008,89,74
Minnesota Twins,MLB,2008,88,75
Cleveland Indians,MLB,2008,81,81
Kansas City Royals,MLB,2008,75,87
Detroit Tigers,MLB,2008,74,88
Los Angeles Angels of Anaheim,MLB,2008,100,62
Texas Rangers,MLB,2008,79,83
Oakland Athletics,MLB,2008,75,86
Seattle Mariners,MLB,2008,61,101
Philadelphia Phillies,MLB,2008,92,70
New York Mets,MLB,2008,89,73
Florida Marlins,MLB,2008,84,77
Atlanta Braves,MLB,2008,72,90
Washington Nationals,MLB,2008,59,102
Chicago Cubs,MLB,2008,97,64
Milwaukee Brewers,MLB,2008,90,72
Houston Astros,MLB,2008,86,75
St. Louis Cardinals,MLB,2008,86,76
Cincinnati Reds,MLB,2008,74,88
Pittsburgh Pirates,MLB,2008,67,95
Los Angeles Dodgers,MLB,2008,84,78
Arizona Diamondbacks,MLB,2008,82,80
Colorado Rockies,MLB,2008,74,88
San Francisco Giants,MLB,2008,72,90
San Diego Padres,MLB,2008,63,99
New York Yankees,MLB,2009,103,59
Boston Red Sox,MLB,2009,95,67
Tampa Bay Rays,MLB,2009,84,78
Toronto Blue Jays,MLB,2009,75,87
Baltimore Orioles,MLB,2009,64,98
Minnesota Twins,MLB,2009,87,76
Detroit Tigers,MLB,2009,86,77
Chicago White Sox,MLB,2009,79,83
Cleveland Indians,MLB,2009,65,97
Kansas City Royals,MLB,2009,65,97
Los Angeles Angels of Anaheim,MLB,2009,97,65
Texas Rangers,MLB,2009,87,75
Seattle Mariners,MLB,2009,85,77
Oakland Athletics,MLB,2009,75,87
Philadelphia Phillies,MLB,2009,93,69
Florida Marlins,MLB,2009,87,75
Atlanta Braves,MLB,2009,86,76
New York Mets,MLB,2009,70,92
Washington Nationals,MLB,2009,59,103
St. Louis Cardinals,MLB,2009,91,71
Chicago Cubs,MLB,2009,83,78
Milwaukee Brewers,MLB,2009,80,82
Cincinnati Reds,MLB,2009,78,84
Houston Astros,MLB,2009,74,88
Pittsburgh Pirates,MLB,2009,62,99
Los Angeles Dodgers,MLB,2009,95,67
Colorado Rockies,MLB,2009,92,70
San Francisco Giants,MLB,2009,88,74
San Diego Padres,MLB,2009,75,87
Arizona Diamondbacks,MLB,2009,70,92
Tampa Bay Rays,MLB,2010,96,66
New York Yankees,MLB,2010,95,67
Boston Red Sox,MLB,2010,89,73
Toronto Blue Jays,MLB,2010,85,77
Baltimore Orioles,MLB,2010,66,96
Minnesota Twins,MLB,2010,94,68
Chicago White Sox,MLB,2010,88,74
Detroit Tigers,MLB,2010,81,81
Cleveland Indians,MLB,2010,69,93
Kansas City Royals,MLB,2010,67,95
Texas Rangers,MLB,2010,90,72
Oakland Athletics,MLB,2010,81,81
Los Angeles Angels of Anaheim,MLB,2010,80,82
Seattle Mariners,MLB,2010,61,101
Philadelphia Phillies,MLB,2010,97,65
Atlanta Braves,MLB,2010,91,71
Florida Marlins,MLB,2010,80,82
New York Mets,MLB,2010,79,83
Washington Nationals,MLB,2010,69,93
Cincinnati Reds,MLB,2010,91,71
St. Louis Cardinals,MLB,2010,86,76
Milwaukee Brewers,MLB,2010,77,85
Houston Astros,MLB,2010,76,86
Chicago Cubs,MLB,2010,75,87
Pittsburgh Pirates,MLB,2010,57,105
San Francisco Giants,MLB,2010,92,70
San Diego Padres,MLB,2010,90,72
Colorado Rockies,MLB,2010,83,79
Los Angeles Dodgers,MLB,2010,80,82
Arizona Diamondbacks,MLB,2010,65,97
New York Yankees,MLB,2011,97,65
Tampa Bay Rays,MLB,2011,91,71
Boston Red Sox,MLB,2011,90,72
Toronto Blue Jays,MLB,2011,81,81
Baltimore Orioles,MLB,2011,69,93
Detroit Tigers,MLB,2011,95,67
Cleveland Indians,MLB,2011,80,82
Chicago White Sox,MLB,2011,79,83
Kansas City Royals,MLB,2011,71,91
Minnesota Twins,MLB,2011,63,99
Texas Rangers,MLB,2011,96,66
Los Angeles Angels of Anaheim,MLB,2011,86,76
Oakland Athletics,MLB,2011,74,88
Seattle Mariners,MLB,2011,67,95
Philadelphia Phillies,MLB,2011,102,60
Atlanta Braves,MLB,2011,89,73
Washington Nationals,MLB,2011,80,81
New York Mets,MLB,2011,77,85
Florida Marlins,MLB,2011,72,90
Milwaukee Brewers,MLB,2011,96,66
St. Louis Cardinals,MLB,2011,90,72
Cincinnati Reds,MLB,2011,79,83
Pittsburgh Pirates,MLB,2011,72,90
Chicago Cubs,MLB,2011,71,91
Houston Astros,MLB,2011,56,106
Arizona Diamondbacks,MLB,2011,94,68
San Francisco Giants,MLB,2011,86,76
Los Angeles Dodgers,MLB,2011,82,79
Colorado Rockies,MLB,2011,73,89
San Diego Padres,MLB,2011,71,91
New York Yankees,MLB,2012,95,67
Baltimore Orioles,MLB,2012,93,69
Tampa Bay Rays,MLB,2012,90,72
Toronto Blue Jays,MLB,2012,73,89
Boston Red Sox,MLB,2012,69,93
Detroit Tigers,MLB,2012,88,74
Chicago White Sox,MLB,2012,85,77
Kansas City Royals,MLB,2012,72,90
Cleveland Indians,MLB,2012,68,94
Minnesota Twins,MLB,2012,66,96
Oakland Athletics,MLB,2012,94,68
Texas Rangers,MLB,2012,93,69
Los Angeles Angels of Anaheim,MLB,2012,89,73
Seattle Mariners,MLB,2012,75,87
Washington Nationals,MLB,2012,98,64
Atlanta Braves,MLB,2012,94,68
Philadelphia Phillies,MLB,2012,81,81
New York Mets,MLB,2012,74,88
Miami Marlins,MLB,2012,69,93
Cincinnati Reds,MLB,2012,97,65
St. Louis Cardinals,MLB,2012,88,74
Milwaukee Brewers,MLB,2012,83,79
Pittsburgh Pirates,MLB,2012,79,83
Chicago Cubs,MLB,2012,61,101
Houston Astros,MLB,2012,55,107
San Francisco Giants,MLB,2012,94,68
Los Angeles Dodgers,MLB,2012,86,76
Arizona Diamondbacks,MLB,2012,81,81
San Diego Padres,MLB,2012,76,86
Colorado Rockies,MLB,2012,64,98
Boston Red Sox,MLB,2013,97,65
Tampa Bay Rays,MLB,2013,92,71
Baltimore Orioles,MLB,2013,85,77
New York Yankees,MLB,2013,85,77
Toronto Blue Jays,MLB,2013,74,88
Detroit Tigers,MLB,2013,93,69
Cleveland Indians,MLB,2013,92,70
Kansas City Royals,MLB,2013,86,76
Minnesota Twins,MLB,2013,66,96
Chicago White Sox,MLB,2013,63,99
Oakland Athletics,MLB,2013,96,66
Texas Rangers,MLB,2013,91,72
Los Angeles Angels of Anaheim,MLB,2013,78,84
Seattle Mariners,MLB,2013,71,91
Houston Astros,MLB,2013,51,111
Atlanta Braves,MLB,2013,96,66
Washington Nationals,MLB,2013,86,76
New York Mets,MLB,2013,74,88
Philadelphia Phillies,MLB,2013,73,89
Miami Marlins,MLB,2013,62,100
St. Louis Cardinals,MLB,2013,97,65
Pittsburgh Pirates,MLB,2013,94,68
Cincinnati Reds,MLB,2013,90,72
Milwaukee Brewers,MLB,2013,74,88
Chicago Cubs,MLB,2013,66,96
Los Angeles Dodgers,MLB,2013,92,70
Arizona Diamondbacks,MLB,2013,81,81
San Diego Padres,MLB,2013,76,86
San Francisco Giants,MLB,2013,76,86
Colorado Rockies,MLB,2013,74,88
Baltimore Orioles,MLB,2014,96,66
New York Yankees,MLB,2014,84,78
Toronto Blue Jays,MLB,2014,83,79
Tampa Bay Rays,MLB,2014,77,85
Boston Red Sox,MLB,2014,71,91
Detroit Tigers,MLB,2014,90,72
Kansas City Royals,MLB,2014,89,73
Cleveland Indians,MLB,2014,85,77
Chicago White Sox,MLB,2014,73,89
Minnesota Twins,MLB,2014,70,92
Los Angeles Angels of Anaheim,MLB,2014,98,64
Oakland Athletics,MLB,2014,88,74
Seattle Mariners,MLB,2014,87,75
Houston Astros,MLB,2014,70,92
Texas Rangers,MLB,2014,67,95
Washington Nationals,MLB,2014,96,66
Atlanta Braves,MLB,2014,79,83
New York Mets,MLB,2014,79,83
Miami Marlins,MLB,2014,77,85
Philadelphia Phillies,MLB,2014,73,89
St. Louis Cardinals,MLB,2014,90,72
Pittsburgh Pirates,MLB,2014,88,74
Milwaukee Brewers,MLB,2014,82,80
Cincinnati Reds,MLB,2014,76,86
Chicago Cubs,MLB,2014,73,89
Los Angeles Dodgers,MLB,2014,94,68
San Francisco Giants,MLB,2014,88,74
San Diego Padres,MLB,2014,77,85
Colorado Rockies,MLB,2014,66,96
Arizona Diamondbacks,MLB,2014,64,98
Toronto Blue Jays,MLB,2015,93,69
New York Yankees,MLB,2015,87,75
Baltimore Orioles,MLB,2015,81,81
Tampa Bay Rays,MLB,2015,80,82
Boston Red Sox,MLB,2015,78,84
Kansas City Royals,MLB,2015,95,67
Minnesota Twins,MLB,2015,83,79
Cleveland Indians,MLB,2015,81,80
Chicago White Sox,MLB,2015,76,86
Detroit Tigers,MLB,2015,74,87
Texas Rangers,MLB,2015,88,74
Houston Astros,MLB,2015,86,76
Los Angeles Angels of Anaheim,MLB,2015,85,77
Seattle Mariners,MLB,2015,76,86
Oakland Athletics,MLB,2015,68,94
New York Mets,MLB,2015,90,72
Washington Nationals,MLB,2015,83,79
Miami Marlins,MLB,2015,71,91
Atlanta Braves,MLB,2015,67,95
Philadelphia Phillies,MLB,2015,63,99
St. Louis Cardinals,MLB,2015,100,62
Pittsburgh Pirates,MLB,2015,98,64
Chicago Cubs,MLB,2015,97,65
Milwaukee Brewers,MLB,2015,68,94
Cincinnati Reds,MLB,2015,64,98
Los Angeles Dodgers,MLB,2015,92,70
San Francisco Giants,MLB,2015,84,78
Arizona Diamondbacks,MLB,2015,79,83
San Diego Padres,MLB,2015,74,88
Colorado Rockies,MLB,2015,68,94
Boston Red Sox,MLB,2016,93,69
Baltimore Orioles,MLB,2016,89,73
Toronto Blue Jays,MLB,2016,89,73
New York Yankees,MLB,2016,84,78
Tampa Bay Rays,MLB,2016,68,94
Cleveland Indians,MLB,2016,94,67
Detroit Tigers,MLB,2016,86,75
Kansas City Royals,MLB,2016,81,81
Chicago White Sox,MLB,2016,78,84
Minnesota Twins,MLB,2016,59,103
Texas Rangers,MLB,2016,95,67
Seattle Mariners,MLB,2016,86,76
Houston Astros,MLB,2016,84,78
Los Angeles Angels,MLB,2016,74,88
Oakland Athletics,MLB,2016,69,93
Washington Nationals,MLB,2016,95,67
New York Mets,MLB,2016,87,75
Miami Marlins,MLB,2016,79,82
Philadelphia Phillies,MLB,2016,71,91
Atlanta Braves,MLB,2016,68,93
Chicago Cubs,MLB,2016,103,58
St. Louis Cardinals,MLB,2016,86,76
Pittsburgh Pirates,MLB,2016,78,83
Milwaukee Brewers,MLB,2016,73,89
Cincinnati Reds,MLB,2016,68,94
Los Angeles Dodgers,MLB,2016,91,71
San Francisco Giants,MLB,2016,87,75
Colorado Rockies,MLB,2016,75,87
Arizona Diamondbacks,MLB,2016,69,93
San Diego Padres,MLB,2016,68,94
Boston Red Sox,MLB,2017,93,69
New York Yankees,MLB,2017,91,71
Tampa Bay Rays,MLB,2017,80,82
Toronto Blue Jays,MLB,2017,76,86
Baltimore Orioles,MLB,2017,75,87
Cleveland Indians,MLB,2017,102,60
Minnesota Twins,MLB,2017,85,77
Kansas City Royals,MLB,2017,80,82
Chicago White Sox,MLB,2017,67,95
Detroit Tigers,MLB,2017,64,98
Houston Astros,MLB,2017,101,61
Los Angeles Angels,MLB,2017,80,82
Seattle Mariners,MLB,2017,78,84
Texas Rangers,MLB,2017,78,84
Oakland Athletics,MLB,2017,75,87
Washington Nationals,MLB,2017,97,65
Miami Marlins,MLB,2017,77,85
Atlanta Braves,MLB,2017,72,90
New York Mets,MLB,2017,70,92
Philadelphia Phillies,MLB,2017,66,96
Chicago Cubs,MLB,2017,92,70
Milwaukee Brewers,MLB,2017,86,76
St. Louis Cardinals,MLB,2017,83,79
Pittsburgh Pirates,MLB,2017,75,87
Cincinnati Reds,MLB,2017,68,94
Los Angeles Dodgers,MLB,2017,104,58
Arizona Diamondbacks,MLB,2017,93,69
Colorado Rockies,MLB,2017,87,75
San Diego Padres,MLB,2017,71,91
San Francisco Giants,MLB,2017,64,98
Boston Red Sox,MLB,2018,108,54
New York Yankees,MLB,2018,100,62
Tampa Bay Rays,MLB,2018,90,72
Toronto Blue Jays,MLB,2018,73,89
Baltimore Orioles,MLB,2018,47,115
Cleveland Indians,MLB,2018,91,71
Minnesota Twins,MLB,2018,78,84
Detroit Tigers,MLB,2018,64,98
Chicago White Sox,MLB,2018,62,100
Kansas City Royals,MLB,2018,58,104
Houston Astros,MLB,2018,103,59
Oakland Athletics,MLB,2018,97,65
Seattle Mariners,MLB,2018,89,73
Los Angeles Angels,MLB,2018,80,82
Texas Rangers,MLB,2018,67,95
Atlanta Braves,MLB,2018,90,72
Washington Nationals,MLB,2018,82,80
Philadelphia Phillies,MLB,2018,80,82
New York Mets,MLB,2018,77,85
Miami Marlins,MLB,2018,63,98
Milwaukee Brewers,MLB,2018,96,67
Chicago Cubs,MLB,2018,95,68
St. Louis Cardinals,MLB,2018,88,74
Pittsburgh Pirates,MLB,2018,82,79
Cincinnati Reds,MLB,2018,67,95
Los Angeles Dodgers,MLB,2018,92,71
Colorado Rockies,MLB,2018,91,72
Arizona Diamondbacks,MLB,2018,82,80
San Francisco Giants,MLB,2018,73,89
San Diego Padres,MLB,2018,66,96
New York Yankees,MLB,2019,103,59
Tampa Bay Rays,MLB,2019,96,66
Boston Red Sox,MLB,2019,84,78
Toronto Blue Jays,MLB,2019,67,95
Baltimore Orioles,MLB,2019,54,108
Minnesota Twins,MLB,2019,101,61
Cleveland Indians,MLB,2019,93,69
Chicago White Sox,MLB,2019,72,89
Kansas City Royals,MLB,2019,59,103
Detroit Tigers,MLB,2019,47,114
Houston Astros,MLB,2019,107,55
Oakland Athletics,MLB,2019,97,65
Texas Rangers,MLB,2019,78,84
Los Angeles Angels,MLB,2019,72,90
Seattle Mariners,MLB,2019,68,94
Atlanta Braves,MLB,2019,97,65
Washington Nationals,MLB,2019,93,69
New York Mets,MLB,2019,86,76
Philadelphia Phillies,MLB,2019,81,81
Miami Marlins,MLB,2019,57,105
St. Louis Cardinals,MLB,2019,91,71
Milwaukee Brewers,MLB,2019,89,73
Chicago Cubs,MLB,2019,84,78
Cincinnati Reds,MLB,2019,75,87
Pittsburgh Pirates,MLB,2019,69,93
Los Angeles Dodgers,MLB,2019,106,56
Arizona Diamondbacks,MLB,2019,85,77
San Francisco Giants,MLB,2019,77,85
Colorado Rockies,MLB,2019,71,91
San Diego Padres,MLB,2019,70,92
Tampa Bay Rays,MLB,2020,40,20
New York Yankees,MLB,2020,33,27
Toronto Blue Jays,MLB,2020,32,28
Baltimore Orioles,MLB,2020,25,35
Boston Red Sox,MLB,2020,24,36
Minnesota Twins,MLB,2020,36,24
Chicago White Sox,MLB,2020,35,25
Cleveland Indians,MLB,2020,35,25
Kansas City Royals,MLB,2020,26,34
Detroit Tigers,MLB,2020,23,35
Oakland Athletics,MLB,2020,36,24
Houston Astros,MLB,2020,29,31
Seattle Mariners,MLB,2020,27,33
Los Angeles Angels,MLB,2020,26,34
Texas Rangers,MLB,2020,22,38
Atlanta Braves,MLB,2020,35,25
Miami Marlins,MLB,2020,31,29
Philadelphia Phillies,MLB,2020,28,32
New York Mets,MLB,2020,26,34
Washington Nationals,MLB,2020,26,34
Chicago Cubs,MLB,2020,34,26
St. Louis Cardinals,MLB,2020,30,28
Cincinnati Reds,MLB,2020,31,29
Milwaukee Brewers,MLB,2020,29,31
Pittsburgh Pirates,MLB,2020,19,41
Los Angeles Dodgers,MLB,2020,43,17
San Diego Padres,MLB,2020,37,23
San Francisco Giants,MLB,2020,29,31
Colorado Rockies,MLB,2020,26,34
Arizona Diamondbacks,MLB,2020,25,35
Tampa Bay Rays,MLB,2021,100,62
Boston Red Sox,MLB,2021,92,70
New York Yankees,MLB,2021,92,70
Toronto Blue Jays,MLB,2021,91,71
Baltimore Orioles,MLB,2021,52,110
Chicago White Sox,MLB,2021,93,69
Cleveland Indians,MLB,2021,80,82
Detroit Tigers,MLB,2021,77,85
Kansas City Royals,MLB,2021,74,88
Minnesota Twins,MLB,2021,73,89
Houston Astros,MLB,2021,95,67
Seattle Mariners,MLB,2021,90,72
Oakland Athletics,MLB,2021,86,76
Los Angeles Angels,MLB,2021,77,85
Texas Rangers,MLB,2021,60,102
Atlanta Braves,MLB,2021,88,73
Philadelphia Phillies,MLB,2021,82,80
New York Mets,MLB,2021,77,85
Miami Marlins,MLB,2021,67,95
Washington Nationals,MLB,2021,65,97
Milwaukee Brewers,MLB,2021,95,67
St. Louis Cardinals,MLB,2021,90,72
Cincinnati Reds,MLB,2021,83,79
Chicago Cubs,MLB,2021,71,91
Pittsburgh Pirates,MLB,2021,61,101
San Francisco Giants,MLB,2021,107,55
Los Angeles Dodgers,MLB,2021,106,56
San Diego Padres,MLB,2021,79,83
Colorado Rockies,MLB,2021,74,87
Arizona Diamondbacks,MLB,2021,52,110
New England Patriots,NFL,2001,11,5
Miami Dolphins,NFL,2001,11,5
New York Jets,NFL,2001,10,6
Indianapolis Colts,NFL,2001,6,10
Buffalo Bills,NFL,2001,3,13
Pittsburgh Steelers,NFL,2001,13,3
Baltimore Ravens,NFL,2001,10,6
Cleveland Browns,NFL,2001,7,9
Tennessee Titans,NFL,2001,7,9
Jacksonville Jaguars,NFL,2001,6,10
Cincinnati Bengals,NFL,2001,6,10
Oakland Raiders,NFL,2001,10,6
Seattle Seahawks,NFL,2001,9,7
Denver Broncos,NFL,2001,8,8
Kansas City Chiefs,NFL,2001,6,10
San Diego Chargers,NFL,2001,5,11
Philadelphia Eagles,NFL,2001,11,5
Washington Redskins,NFL,2001,8,8
New York Giants,NFL,2001,7,9
Arizona Cardinals,NFL,2001,7,9
Dallas Cowboys,NFL,2001,5,11
Chicago Bears,NFL,2001,13,3
Green Bay Packers,NFL,2001,12,4
Tampa Bay Buccaneers,NFL,2001,9,7
Minnesota Vikings,NFL,2001,5,11
Detroit Lions,NFL,2001,2,14
St. Louis Rams,NFL,2001,14,2
San Francisco 49ers,NFL,2001,12,4
New Orleans Saints,NFL,2001,7,9
Atlanta Falcons,NFL,2001,7,9
Carolina Panthers,NFL,2001,1,15
New York Jets,NFL,2002,9,7
New England Patriots,NFL,2002,9,7
Miami Dolphins,NFL,2002,9,7
Buffalo Bills,NFL,2002,8,8
Pittsburgh Steelers,NFL,2002,10,5
Cleveland Browns,NFL,2002,9,7
Baltimore Ravens,NFL,2002,7,9
Cincinnati Bengals,NFL,2002,2,14
Tennessee Titans,NFL,2002,11,5
Indianapolis Colts,NFL,2002,10,6
Jacksonville Jaguars,NFL,2002,6,10
Houston Texans,NFL,2002,4,12
Oakland Raiders,NFL,2002,11,5
Denver Broncos,NFL,2002,9,7
San Diego Chargers,NFL,2002,8,8
Kansas City Chiefs,NFL,2002,8,8
Philadelphia Eagles,NFL,2002,12,4
New York Giants,NFL,2002,10,6
Washington Redskins,NFL,2002,7,9
Dallas Cowboys,NFL,2002,5,11
Green Bay Packers,NFL,2002,12,4
Minnesota Vikings,NFL,2002,6,10
Chicago Bears,NFL,2002,4,12
Detroit Lions,NFL,2002,3,13
Tampa Bay Buccaneers,NFL,2002,12,4
Atlanta Falcons,NFL,2002,9,6
New Orleans Saints,NFL,2002,9,7
Carolina Panthers,NFL,2002,7,9
San Francisco 49ers,NFL,2002,10,6
St. Louis Rams,NFL,2002,7,9
Seattle Seahawks,NFL,2002,7,9
Arizona Cardinals,NFL,2002,5,11
New England Patriots,NFL,2003,14,2
Miami Dolphins,NFL,2003,10,6
Buffalo Bills,NFL,2003,6,10
New York Jets,NFL,2003,6,10
Baltimore Ravens,NFL,2003,10,6
Cincinnati Bengals,NFL,2003,8,8
Pittsburgh Steelers,NFL,2003,6,10
Cleveland Browns,NFL,2003,5,11
Indianapolis Colts,NFL,2003,12,4
Tennessee Titans,NFL,2003,12,4
Jacksonville Jaguars,NFL,2003,5,11
Houston Texans,NFL,2003,5,11
Kansas City Chiefs,NFL,2003,13,3
Denver Broncos,NFL,2003,10,6
Oakland Raiders,NFL,2003,4,12
San Diego Chargers,NFL,2003,4,12
Philadelphia Eagles,NFL,2003,12,4
Dallas Cowboys,NFL,2003,10,6
Washington Redskins,NFL,2003,5,11
New York Giants,NFL,2003,4,12
Green Bay Packers,NFL,2003,10,6
Minnesota Vikings,NFL,2003,9,7
Chicago Bears,NFL,2003,7,9
Detroit Lions,NFL,2003,5,11
Carolina Panthers,NFL,2003,11,5
New Orleans Saints,NFL,2003,8,8
Tampa Bay Buccaneers,NFL,2003,7,9
Atlanta Falcons,NFL,2003,5,11
St. Louis Rams,NFL,2003,12,4
Seattle Seahawks,NFL,2003,10,6
San Francisco 49ers,NFL,2003,7,9
Arizona Cardinals,NFL,2003,4,12
New England Patriots,NFL,2004,14,2
New York Jets,NFL,2004,10,6
Buffalo Bills,NFL,2004,9,7
Miami Dolphins,NFL,2004,4,12
Pittsburgh Steelers,NFL,2004,15,1
Baltimore Ravens,NFL,2004,9,7
Cincinnati Bengals,NFL,2004,8,8
Cleveland Browns,NFL,2004,4,12
Indianapolis Colts,NFL,2004,12,4
Jacksonville Jaguars,NFL,2004,9,7
Houston Texans,NFL,2004,7,9
Tennessee Titans,NFL,2004,5,11
San Diego Chargers,NFL,2004,12,4
Denver Broncos,NFL,2004,10,6
Kansas City Chiefs,NFL,2004,7,9
Oakland Raiders,NFL,2004,5,11
Philadelphia Eagles,NFL,2004,13,3
New York Giants,NFL,2004,6,10
Dallas Cowboys,NFL,2004,6,10
Washington Redskins,NFL,2004,6,10
Green Bay Packers,NFL,2004,10,6
Minnesota Vikings,NFL,2004,8,8
Detroit Lions,NFL,2004,6,10
Chicago Bears,NFL,2004,5,11
Atlanta Falcons,NFL,2004,11,5
New Orleans Saints,NFL,2004,8,8
Carolina Panthers,NFL,2004,7,9
Tampa Bay Buccaneers,NFL,2004,5,11
Seattle Seahawks,NFL,2004,9,7
St. Louis Rams,NFL,2004,8,8
Arizona Cardinals,NFL,2004,6,10
San Francisco 49ers,NFL,2004,2,14
New England Patriots,NFL,2005,10,6
Miami Dolphins,NFL,2005,9,7
Buffalo Bills,NFL,2005,5,11
New York Jets,NFL,2005,4,12
Cincinnati Bengals,NFL,2005,11,5
Pittsburgh Steelers,NFL,2005,11,5
Baltimore Ravens,NFL,2005,6,10
Cleveland Browns,NFL,2005,6,10
Indianapolis Colts,NFL,2005,14,2
Jacksonville Jaguars,NFL,2005,12,4
Tennessee Titans,NFL,2005,4,12
Houston Texans,NFL,2005,2,14
Denver Broncos,NFL,2005,13,3
Kansas City Chiefs,NFL,2005,10,6
San Diego Chargers,NFL,2005,9,7
Oakland Raiders,NFL,2005,4,12
New York Giants,NFL,2005,11,5
Washington Redskins,NFL,2005,10,6
Dallas Cowboys,NFL,2005,9,7
Philadelphia Eagles,NFL,2005,6,10
Chicago Bears,NFL,2005,11,5
Minnesota Vikings,NFL,2005,9,7
Detroit Lions,NFL,2005,5,11
Green Bay Packers,NFL,2005,4,12
Tampa Bay Buccaneers,NFL,2005,11,5
Carolina Panthers,NFL,2005,11,5
Atlanta Falcons,NFL,2005,8,8
New Orleans Saints,NFL,2005,3,13
Seattle Seahawks,NFL,2005,13,3
St. Louis Rams,NFL,2005,6,10
Arizona Cardinals,NFL,2005,5,11
San Francisco 49ers,NFL,2005,4,12
New England Patriots,NFL,2006,12,4
New York Jets,NFL,2006,10,6
Buffalo Bills,NFL,2006,7,9
Miami Dolphins,NFL,2006,6,10
Baltimore Ravens,NFL,2006,13,3
Cincinnati Bengals,NFL,2006,8,8
Pittsburgh Steelers,NFL,2006,8,8
Cleveland Browns,NFL,2006,4,12
Indianapolis Colts,NFL,2006,12,4
Tennessee Titans,NFL,2006,8,8
Jacksonville Jaguars,NFL,2006,8,8
Houston Texans,NFL,2006,6,10
San Diego Chargers,NFL,2006,14,2
Kansas City Chiefs,NFL,2006,9,7
Denver Broncos,NFL,2006,9,7
Oakland Raiders,NFL,2006,2,14
Philadelphia Eagles,NFL,2006,10,6
Dallas Cowboys,NFL,2006,9,7
New York Giants,NFL,2006,8,8
Washington Redskins,NFL,2006,5,11
Chicago Bears,NFL,2006,13,3
Green Bay Packers,NFL,2006,8,8
Minnesota Vikings,NFL,2006,6,10
Detroit Lions,NFL,2006,3,13
New Orleans Saints,NFL,2006,10,6
Carolina Panthers,NFL,2006,8,8
Atlanta Falcons,NFL,2006,7,9
Tampa Bay Buccaneers,NFL,2006,4,12
Seattle Seahawks,NFL,2006,9,7
St. Louis Rams,NFL,2006,8,8
San Francisco 49ers,NFL,2006,7,9
Arizona Cardinals,NFL,2006,5,11
New England Patriots,NFL,2007,16,0
Buffalo Bills,NFL,2007,7,9
New York Jets,NFL,2007,4,12
Miami Dolphins,NFL,2007,1,15
Pittsburgh Steelers,NFL,2007,10,6
Cleveland Browns,NFL,2007,10,6
Cincinnati Bengals,NFL,2007,7,9
Baltimore Ravens,NFL,2007,5,11
Indianapolis Colts,NFL,2007,13,3
Jacksonville Jaguars,NFL,2007,11,5
Tennessee Titans,NFL,2007,10,6
Houston Texans,NFL,2007,8,8
San Diego Chargers,NFL,2007,11,5
Denver Broncos,NFL,2007,7,9
Kansas City Chiefs,NFL,2007,4,12
Oakland Raiders,NFL,2007,4,12
Dallas Cowboys,NFL,2007,13,3
New York Giants,NFL,2007,10,6
Washington Redskins,NFL,2007,9,7
Philadelphia Eagles,NFL,2007,8,8
Green Bay Packers,NFL,2007,13,3
Minnesota Vikings,NFL,2007,8,8
Detroit Lions,NFL,2007,7,9
Chicago Bears,NFL,2007,7,9
Tampa Bay Buccaneers,NFL,2007,9,7
Carolina Panthers,NFL,2007,7,9
New Orleans Saints,NFL,2007,7,9
Atlanta Falcons,NFL,2007,4,12
Seattle Seahawks,NFL,2007,10,6
Arizona Cardinals,NFL,2007,8,8
San Francisco 49ers,NFL,2007,5,11
St. Louis Rams,NFL,2007,3,13
Miami Dolphins,NFL,2008,11,5
New England Patriots,NFL,2008,11,5
New York Jets,NFL,2008,9,7
Buffalo Bills,NFL,2008,7,9
Pittsburgh Steelers,NFL,2008,12,4
Baltimore Ravens,NFL,2008,11,5
Cincinnati Bengals,NFL,2008,4,11
Cleveland Browns,NFL,2008,4,12
Tennessee Titans,NFL,2008,13,3
Indianapolis Colts,NFL,2008,12,4
Houston Texans,NFL,2008,8,8
Jacksonville Jaguars,NFL,2008,5,11
San Diego Chargers,NFL,2008,8,8
Denver Broncos,NFL,2008,8,8
Oakland Raiders,NFL,2008,5,11
Kansas City Chiefs,NFL,2008,2,14
New York Giants,NFL,2008,12,4
Philadelphia Eagles,NFL,2008,9,6
Dallas Cowboys,NFL,2008,9,7
Washington Redskins,NFL,2008,8,8
Minnesota Vikings,NFL,2008,10,6
Chicago Bears,NFL,2008,9,7
Green Bay Packers,NFL,2008,6,10
Detroit Lions,NFL,2008,0,16
Carolina Panthers,NFL,2008,12,4
Atlanta Falcons,NFL,2008,11,5
Tampa Bay Buccaneers,NFL,2008,9,7
New Orleans Saints,NFL,2008,8,8
Arizona Cardinals,NFL,2008,9,7
San Francisco 49ers,NFL,2008,7,9
Seattle Seahawks,NFL,2008,4,12
St. Louis Rams,NFL,2008,2,14
New England Patriots,NFL,2009,10,6
New York Jets,NFL,2009,9,7
Miami Dolphins,NFL,2009,7,9
Buffalo Bills,NFL,2009,6,10
Cincinnati Bengals,NFL,2009,10,6
Baltimore Ravens,NFL,2009,9,7
Pittsburgh Steelers,NFL,2009,9,7
Cleveland Browns,NFL,2009,5,11
Indianapolis Colts,NFL,2009,14,2
Houston Texans,NFL,2009,9,7
Tennessee Titans,NFL,2009,8,8
Jacksonville Jaguars,NFL,2009,7,9
San Diego Chargers,NFL,2009,13,3
Denver Broncos,NFL,2009,8,8
Oakland Raiders,NFL,2009,5,11
Kansas City Chiefs,NFL,2009,4,12
Dallas Cowboys,NFL,2009,11,5
Philadelphia Eagles,NFL,2009,11,5
New York Giants,NFL,2009,8,8
Washington Redskins,NFL,2009,4,12
Minnesota Vikings,NFL,2009,12,4
Green Bay Packers,NFL,2009,11,5
Chicago Bears,NFL,2009,7,9
Detroit Lions,NFL,2009,2,14
New Orleans Saints,NFL,2009,13,3
Atlanta Falcons,NFL,2009,9,7
Carolina Panthers,NFL,2009,8,8
Tampa Bay Buccaneers,NFL,2009,3,13
Arizona Cardinals,NFL,2009,10,6
San Francisco 49ers,NFL,2009,8,8
Seattle Seahawks,NFL,2009,5,11
St. Louis Rams,NFL,2009,1,15
New England Patriots,NFL,2010,14,2
New York Jets,NFL,2010,11,5
Miami Dolphins,NFL,2010,7,9
Buffalo Bills,NFL,2010,4,12
Pittsburgh Steelers,NFL,2010,12,4
Baltimore Ravens,NFL,2010,12,4
Cleveland Browns,NFL,2010,5,11
Cincinnati Bengals,NFL,2010,4,12
Indianapolis Colts,NFL,2010,10,6
Jacksonville Jaguars,NFL,2010,8,8
Houston Texans,NFL,2010,6,10
Tennessee Titans,NFL,2010,6,10
Kansas City Chiefs,NFL,2010,10,6
San Diego Chargers,NFL,2010,9,7
Oakland Raiders,NFL,2010,8,8
Denver Broncos,NFL,2010,4,12
Philadelphia Eagles,NFL,2010,10,6
New York Giants,NFL,2010,10,6
Dallas Cowboys,NFL,2010,6,10
Washington Redskins,NFL,2010,6,10
Chicago Bears,NFL,2010,11,5
Green Bay Packers,NFL,2010,10,6
Detroit Lions,NFL,2010,6,10
Minnesota Vikings,NFL,2010,6,10
Atlanta Falcons,NFL,2010,13,3
New Orleans Saints,NFL,2010,11,5
Tampa Bay Buccaneers,NFL,2010,10,6
Carolina Panthers,NFL,2010,2,14
Seattle Seahawks,NFL,2010,7,9
St. Louis Rams,NFL,2010,7,9
San Francisco 49ers,NFL,2010,6,10
Arizona Cardinals,NFL,2010,5,11
New England Patriots,NFL,2011,13,3
New York Jets,NFL,2011,8,8
Miami Dolphins,NFL,2011,6,10
Buffalo Bills,NFL,2011,6,10
Baltimore Ravens,NFL,2011,12,4
Pittsburgh Steelers,NFL,2011,12,4
Cincinnati Bengals,NFL,2011,9,7
Cleveland Browns,NFL,2011,4,12
Houston Texans,NFL,2011,10,6
Tennessee Titans,NFL,2011,9,7
Jacksonville Jaguars,NFL,2011,5,11
Indianapolis Colts,NFL,2011,2,14
Denver Broncos,NFL,2011,8,8
San Diego Chargers,NFL,2011,8,8
Oakland Raiders,NFL,2011,8,8
Kansas City Chiefs,NFL,2011,7,9
New York Giants,NFL,2011,9,7
Philadelphia Eagles,NFL,2011,8,8
Dallas Cowboys,NFL,2011,8,8
Washington Redskins,NFL,2011,5,11
Green Bay Packers,NFL,2011,15,1
Detroit Lions,NFL,2011,10,6
Chicago Bears,NFL,2011,8,8
Minnesota Vikings,NFL,2011,3,13
New Orleans Saints,NFL,2011,13,3
Atlanta Falcons,NFL,2011,10,6
Carolina Panthers,NFL,2011,6,10
Tampa Bay Buccaneers,NFL,2011,4,12
San Francisco 49ers,NFL,2011,13,3
Arizona Cardinals,NFL,2011,8,8
Seattle Seahawks,NFL,2011,7,9
St. Louis Rams,NFL,2011,2,14
New England Patriots,NFL,2012,12,4
Miami Dolphins,NFL,2012,7,9
New York Jets,NFL,2012,6,10
Buffalo Bills,NFL,2012,6,10
Baltimore Ravens,NFL,2012,10,6
Cincinnati Bengals,NFL,2012,10,6
Pittsburgh Steelers,NFL,2012,8,8
Cleveland Browns,NFL,2012,5,11
Houston Texans,NFL,2012,12,4
Indianapolis Colts,NFL,2012,11,5
Tennessee Titans,NFL,2012,6,10
Jacksonville Jaguars,NFL,2012,2,14
Denver Broncos,NFL,2012,13,3
San Diego Chargers,NFL,2012,7,9
Oakland Raiders,NFL,2012,4,12
Kansas City Chiefs,NFL,2012,2,14
Washington Redskins,NFL,2012,10,6
New York Giants,NFL,2012,9,7
Dallas Cowboys,NFL,2012,8,8
Philadelphia Eagles,NFL,2012,4,12
Green Bay Packers,NFL,2012,11,5
Minnesota Vikings,NFL,2012,10,6
Chicago Bears,NFL,2012,10,6
Detroit Lions,NFL,2012,4,12
Atlanta Falcons,NFL,2012,13,3
Carolina Panthers,NFL,2012,7,9
New Orleans Saints,NFL,2012,7,9
Tampa Bay Buccaneers,NFL,2012,7,9
San Francisco 49ers,NFL,2012,11,4
Seattle Seahawks,NFL,2012,11,5
St. Louis Rams,NFL,2012,7,8
Arizona Cardinals,NFL,2012,5,11
New England Patriots,NFL,2013,12,4
New York Jets,NFL,2013,8,8
Miami Dolphins,NFL,2013,8,8
Buffalo Bills,NFL,2013,6,10
Cincinnati Bengals,NFL,2013,11,5
Pittsburgh Steelers,NFL,2013,8,8
Baltimore Ravens,NFL,2013,8,8
Cleveland Browns,NFL,2013,4,12
Indianapolis Colts,NFL,2013,11,5
Tennessee Titans,NFL,2013,7,9
Jacksonville Jaguars,NFL,2013,4,12
Houston Texans,NFL,2013,2,14
Denver Broncos,NFL,2013,13,3
Kansas City Chiefs,NFL,2013,11,5
San Diego Chargers,NFL,2013,9,7
Oakland Raiders,NFL,2013,4,12
Philadelphia Eagles,NFL,2013,10,6
Dallas Cowboys,NFL,2013,8,8
New York Giants,NFL,2013,7,9
Washington Redskins,NFL,2013,3,13
Green Bay Packers,NFL,2013,8,7
Chicago Bears,NFL,2013,8,8
Detroit Lions,NFL,2013,7,9
Minnesota Vikings,NFL,2013,5,10
Carolina Panthers,NFL,2013,12,4
New Orleans Saints,NFL,2013,11,5
Atlanta Falcons,NFL,2013,4,12
Tampa Bay Buccaneers,NFL,2013,4,12
Seattle Seahawks,NFL,2013,13,3
San Francisco 49ers,NFL,2013,12,4
Arizona Cardinals,NFL,2013,10,6
St. Louis Rams,NFL,2013,7,9
New England Patriots,NFL,2014,12,4
Buffalo Bills,NFL,2014,9,7
Miami Dolphins,NFL,2014,8,8
New York Jets,NFL,2014,4,12
Pittsburgh Steelers,NFL,2014,11,5
Cincinnati Bengals,NFL,2014,10,5
Baltimore Ravens,NFL,2014,10,6
Cleveland Browns,NFL,2014,7,9
Indianapolis Colts,NFL,2014,11,5
Houston Texans,NFL,2014,9,7
Jacksonville Jaguars,NFL,2014,3,13
Tennessee Titans,NFL,2014,2,14
Denver Broncos,NFL,2014,12,4
Kansas City Chiefs,NFL,2014,9,7
San Diego Chargers,NFL,2014,9,7
Oakland Raiders,NFL,2014,3,13
Dallas Cowboys,NFL,2014,12,4
Philadelphia Eagles,NFL,2014,10,6
New York Giants,NFL,2014,6,10
Washington Redskins,NFL,2014,4,12
Green Bay Packers,NFL,2014,12,4
Detroit Lions,NFL,2014,11,5
Minnesota Vikings,NFL,2014,7,9
Chicago Bears,NFL,2014,5,11
Carolina Panthers,NFL,2014,7,8
New Orleans Saints,NFL,2014,7,9
Atlanta Falcons,NFL,2014,6,10
Tampa Bay Buccaneers,NFL,2014,2,14
Seattle Seahawks,NFL,2014,12,4
Arizona Cardinals,NFL,2014,11,5
San Francisco 49ers,NFL,2014,8,8
St. Louis Rams,NFL,2014,6,10
New England Patriots,NFL,2015,12,4
New York Jets,NFL,2015,10,6
Buffalo Bills,NFL,2015,8,8
Miami Dolphins,NFL,2015,6,10
Cincinnati Bengals,NFL,2015,12,4
Pittsburgh Steelers,NFL,2015,10,6
Baltimore Ravens,NFL,2015,5,11
Cleveland Browns,NFL,2015,3,13
Houston Texans,NFL,2015,9,7
Indianapolis Colts,NFL,2015,8,8
Jacksonville Jaguars,NFL,2015,5,11
Tennessee Titans,NFL,2015,3,13
Denver Broncos,NFL,2015,12,4
Kansas City Chiefs,NFL,2015,11,5
Oakland Raiders,NFL,2015,7,9
San Diego Chargers,NFL,2015,4,12
Washington Redskins,NFL,2015,9,7
Philadelphia Eagles,NFL,2015,7,9
New York Giants,NFL,2015,6,10
Dallas Cowboys,NFL,2015,4,12
Minnesota Vikings,NFL,2015,11,5
Green Bay Packers,NFL,2015,10,6
Detroit Lions,NFL,2015,7,9
Chicago Bears,NFL,2015,6,10
Carolina Panthers,NFL,2015,15,1
Atlanta Falcons,NFL,2015,8,8
New Orleans Saints,NFL,2015,7,9
Tampa Bay Buccaneers,NFL,2015,6,10
Arizona Cardinals,NFL,2015,13,3
Seattle Seahawks,NFL,2015,10,6
St. Louis Rams,NFL,2015,7,9
San Francisco 49ers,NFL,2015,5,11
New England Patriots,NFL,2016,14,2
Miami Dolphins,NFL,2016,10,6
Buffalo Bills,NFL,2016,7,9
New York Jets,NFL,2016,5,11
Pittsburgh Steelers,NFL,2016,11,5
Baltimore Ravens,NFL,2016,8,8
Cincinnati Bengals,NFL,2016,6,9
Cleveland Browns,NFL,2016,1,15
Houston Texans,NFL,2016,9,7
Tennessee Titans,NFL,2016,9,7
Indianapolis Colts,NFL,2016,8,8
Jacksonville Jaguars,NFL,2016,3,13
Kansas City Chiefs,NFL,2016,12,4
Oakland Raiders,NFL,2016,12,4
Denver Broncos,NFL,2016,9,7
San Diego Chargers,NFL,2016,5,11
Dallas Cowboys,NFL,2016,13,3
New York Giants,NFL,2016,11,5
Washington Redskins,NFL,2016,8,7
Philadelphia Eagles,NFL,2016,7,9
Green Bay Packers,NFL,2016,10,6
Detroit Lions,NFL,2016,9,7
Minnesota Vikings,NFL,2016,8,8
Chicago Bears,NFL,2016,3,13
Atlanta Falcons,NFL,2016,11,5
Tampa Bay Buccaneers,NFL,2016,9,7
New Orleans Saints,NFL,2016,7,9
Carolina Panthers,NFL,2016,6,10
Seattle Seahawks,NFL,2016,10,5
Arizona Cardinals,NFL,2016,7,8
Los Angeles Rams,NFL,2016,4,12
San Francisco 49ers,NFL,2016,2,14
New England Patriots,NFL,2017,13,3
Buffalo Bills,NFL,2017,9,7
Miami Dolphins,NFL,2017,6,10
New York Jets,NFL,2017,5,11
Pittsburgh Steelers,NFL,2017,13,3
Baltimore Ravens,NFL,2017,9,7
Cincinnati Bengals,NFL,2017,7,9
Cleveland Browns,NFL,2017,0,16
Jacksonville Jaguars,NFL,2017,10,6
Tennessee Titans,NFL,2017,9,7
Indianapolis Colts,NFL,2017,4,12
Houston Texans,NFL,2017,4,12
Kansas City Chiefs,NFL,2017,10,6
Los Angeles Chargers,NFL,2017,9,7
Oakland Raiders,NFL,2017,6,10
Denver Broncos,NFL,2017,5,11
Philadelphia Eagles,NFL,2017,13,3
Dallas Cowboys,NFL,2017,9,7
Washington Redskins,NFL,2017,7,9
New York Giants,NFL,2017,3,13
Minnesota Vikings,NFL,2017,13,3
Detroit Lions,NFL,2017,9,7
Green Bay Packers,NFL,2017,7,9
Chicago Bears,NFL,2017,5,11
New Orleans Saints,NFL,2017,11,5
Carolina Panthers,NFL,2017,11,5
Atlanta Falcons,NFL,2017,10,6
Tampa Bay Buccaneers,NFL,2017,5,11
Los Angeles Rams,NFL,2017,11,5
Seattle Seahawks,NFL,2017,9,7
Arizona Cardinals,NFL,2017,8,8
San Francisco 49ers,NFL,2017,6,10
New England Patriots,NFL,2018,11,5
Miami Dolphins,NFL,2018,7,9
Buffalo Bills,NFL,2018,6,10
New York Jets,NFL,2018,4,12
Baltimore Ravens,NFL,2018,10,6
Pittsburgh Steelers,NFL,2018,9,6
Cleveland Browns,NFL,2018,7,8
Cincinnati Bengals,NFL,2018,6,10
Houston Texans,NFL,2018,11,5
Indianapolis Colts,NFL,2018,10,6
Tennessee Titans,NFL,2018,9,7
Jacksonville Jaguars,NFL,2018,5,11
Kansas City Chiefs,NFL,2018,12,4
Los Angeles Chargers,NFL,2018,12,4
Denver Broncos,NFL,2018,6,10
Oakland Raiders,NFL,2018,4,12
Dallas Cowboys,NFL,2018,10,6
Philadelphia Eagles,NFL,2018,9,7
Washington Redskins,NFL,2018,7,9
New York Giants,NFL,2018,5,11
Chicago Bears,NFL,2018,12,4
Minnesota Vikings,NFL,2018,8,7
Green Bay Packers,NFL,2018,6,9
Detroit Lions,NFL,2018,6,10
New Orleans Saints,NFL,2018,13,3
Atlanta Falcons,NFL,2018,7,9
Carolina Panthers,NFL,2018,7,9
Tampa Bay Buccaneers,NFL,2018,5,11
Los Angeles Rams,NFL,2018,13,3
Seattle Seahawks,NFL,2018,10,6
San Francisco 49ers,NFL,2018,4,12
Arizona Cardinals,NFL,2018,3,13
New England Patriots,NFL,2019,12,4
Buffalo Bills,NFL,2019,10,6
New York Jets,NFL,2019,7,9
Miami Dolphins,NFL,2019,5,11
Baltimore Ravens,NFL,2019,14,2
Pittsburgh Steelers,NFL,2019,8,8
Cleveland Browns,NFL,2019,6,10
Cincinnati Bengals,NFL,2019,2,14
Houston Texans,NFL,2019,10,6
Tennessee Titans,NFL,2019,9,7
Indianapolis Colts,NFL,2019,7,9
Jacksonville Jaguars,NFL,2019,6,10
Kansas City Chiefs,NFL,2019,12,4
Denver Broncos,NFL,2019,7,9
Oakland Raiders,NFL,2019,7,9
Los Angeles Chargers,NFL,2019,5,11
Philadelphia Eagles,NFL,2019,9,7
Dallas Cowboys,NFL,2019,8,8
New York Giants,NFL,2019,4,12
Washington Redskins,NFL,2019,3,13
Green Bay Packers,NFL,2019,13,3
Minnesota Vikings,NFL,2019,10,6
Chicago Bears,NFL,2019,8,8
Detroit Lions,NFL,2019,3,12
New Orleans Saints,NFL,2019,13,3
Atlanta Falcons,NFL,2019,7,9
Tampa Bay Buccaneers,NFL,2019,7,9
Carolina Panthers,NFL,2019,5,11
San Francisco 49ers,NFL,2019,13,3
Seattle Seahawks,NFL,2019,11,5
Los Angeles Rams,NFL,2019,9,7
Arizona Cardinals,NFL,2019,5,10
Buffalo Bills,NFL,2020,13,3
Miami Dolphins,NFL,2020,10,6
New England Patriots,NFL,2020,7,9
New York Jets,NFL,2020,2,14
Pittsburgh Steelers,NFL,2020,12,4
Baltimore Ravens,NFL,2020,11,5
Cleveland Browns,NFL,2020,11,5
Cincinnati Bengals,NFL,2020,4,11
Tennessee Titans,NFL,2020,11,5
Indianapolis Colts,NFL,2020,11,5
Houston Texans,NFL,2020,4,12
Jacksonville Jaguars,NFL,2020,1,15
Kansas City Chiefs,NFL,2020,14,2
Las Vegas Raiders,NFL,2020,8,8
Los Angeles Chargers,NFL,2020,7,9
Denver Broncos,NFL,2020,5,11
Washington Football Team,NFL,2020,7,9
New York Giants,NFL,2020,6,10
Dallas Cowboys,NFL,2020,6,10
Philadelphia Eagles,NFL,2020,4,11
Green Bay Packers,NFL,2020,13,3
Chicago Bears,NFL,2020,8,8
Minnesota Vikings,NFL,2020,7,9
Detroit Lions,NFL,2020,5,11
New Orleans Saints,NFL,2020,12,4
Tampa Bay Buccaneers,NFL,2020,11,5
Carolina Panthers,NFL,2020,5,11
Atlanta Falcons,NFL,2020,4,12
Seattle Seahawks,NFL,2020,12,4
Los Angeles Rams,NFL,2020,10,6
Arizona Cardinals,NFL,2020,8,8
San Francisco 49ers,NFL,2020,6,10
Buffalo Bills,NFL,2021,11,6
New England Patriots,NFL,2021,10,7
Miami Dolphins,NFL,2021,9,8
New York Jets,NFL,2021,4,13
Cincinnati Bengals,NFL,2021,10,7
Pittsburgh Steelers,NFL,2021,9,7
Cleveland Browns,NFL,2021,8,9
Baltimore Ravens,NFL,2021,8,9
Tennessee Titans,NFL,2021,12,5
Indianapolis Colts,NFL,2021,9,8
Houston Texans,NFL,2021,4,13
Jacksonville Jaguars,NFL,2021,3,14
Kansas City Chiefs,NFL,2021,12,5
Las Vegas Raiders,NFL,2021,10,7
Los Angeles Chargers,NFL,2021,9,8
Denver Broncos,NFL,2021,7,10
Dallas Cowboys,NFL,2021,12,5
Philadelphia Eagles,NFL,2021,9,8
Washington Football Team,NFL,2021,7,10
New York Giants,NFL,2021,4,13
Green Bay Packers,NFL,2021,13,4
Minnesota Vikings,NFL,2021,8,9
Chicago Bears,NFL,2021,6,11
Detroit Lions,NFL,2021,3,13
Tampa Bay Buccaneers,NFL,2021,13,4
New Orleans Saints,NFL,2021,9,8
Atlanta Falcons,NFL,2021,7,10
Carolina Panthers,NFL,2021,5,12
Los Angeles Rams,NFL,2021,12,5
Arizona Cardinals,NFL,2021,11,6
San Francisco 49ers,NFL,2021,10,7
Seattle Seahawks,NFL,2021,7,10
Atlanta Thrashers,NHL,2001,23,45
Boston Bruins,NHL,2001,36,30
Buffalo Sabres,NHL,2001,46,30
Carolina Hurricanes,NHL,2001,38,32
Columbus Blue Jackets,NHL,2001,28,39
Calgary Flames,NHL,2001,27,36
Chicago Blackhawks,NHL,2001,29,40
Colorado Avalanche,NHL,2001,52,16
Dallas Stars,NHL,2001,48,24
Detroit Red Wings,NHL,2001,49,20
Edmonton Oilers,NHL,2001,39,28
Florida Panthers,NHL,2001,22,38
Los Angeles Kings,NHL,2001,38,28
Mighty Ducks of Anaheim,NHL,2001,25,41
Minnesota Wild,NHL,2001,25,39
Montreal Canadiens,NHL,2001,28,40
New Jersey Devils,NHL,2001,48,19
Nashville Predators,NHL,2001,34,36
New York Islanders,NHL,2001,21,51
New York Rangers,NHL,2001,33,43
Ottawa Senators,NHL,2001,48,21
Philadelphia Flyers,NHL,2001,43,25
Phoenix Coyotes,NHL,2001,35,27
Pittsburgh Penguins,NHL,2001,42,28
San Jose Sharks,NHL,2001,40,27
St. Louis Blues,NHL,2001,43,22
Tampa Bay Lightning,NHL,2001,24,47
Toronto Maple Leafs,NHL,2001,37,29
Vancouver Canucks,NHL,2001,36,28
Washington Capitals,NHL,2001,41,27
Atlanta Thrashers,NHL,2002,19,47
Boston Bruins,NHL,2002,43,24
Buffalo Sabres,NHL,2002,35,35
Carolina Hurricanes,NHL,2002,35,26
Columbus Blue Jackets,NHL,2002,22,47
Calgary Flames,NHL,2002,32,35
Chicago Blackhawks,NHL,2002,41,27
Colorado Avalanche,NHL,2002,45,28
Dallas Stars,NHL,2002,36,28
Detroit Red Wings,NHL,2002,51,17
Edmonton Oilers,NHL,2002,38,28
Florida Panthers,NHL,2002,22,44
Los Angeles Kings,NHL,2002,40,27
Mighty Ducks of Anaheim,NHL,2002,29,42
Minnesota Wild,NHL,2002,26,35
Montreal Canadiens,NHL,2002,36,31
New Jersey Devils,NHL,2002,41,28
Nashville Predators,NHL,2002,28,41
New York Islanders,NHL,2002,42,28
New York Rangers,NHL,2002,36,38
Ottawa Senators,NHL,2002,39,27
Philadelphia Flyers,NHL,2002,42,27
Phoenix Coyotes,NHL,2002,40,27
Pittsburgh Penguins,NHL,2002,28,41
San Jose Sharks,NHL,2002,44,27
St. Louis Blues,NHL,2002,43,27
Tampa Bay Lightning,NHL,2002,27,40
Toronto Maple Leafs,NHL,2002,43,25
Vancouver Canucks,NHL,2002,42,30
Washington Capitals,NHL,2002,36,33
Atlanta Thrashers,NHL,2003,31,39
Boston Bruins,NHL,2003,36,31
Buffalo Sabres,NHL,2003,27,37
Carolina Hurricanes,NHL,2003,22,43
Columbus Blue Jackets,NHL,2003,29,42
Calgary Flames,NHL,2003,29,36
Chicago Blackhawks,NHL,2003,30,33
Colorado Avalanche,NHL,2003,42,19
Dallas Stars,NHL,2003,46,17
Detroit Red Wings,NHL,2003,48,20
Edmonton Oilers,NHL,2003,36,26
Florida Panthers,NHL,2003,24,36
Los Angeles Kings,NHL,2003,33,36
Mighty Ducks of Anaheim,NHL,2003,40,27
Minnesota Wild,NHL,2003,42,29
Montreal Canadiens,NHL,2003,30,35
New Jersey Devils,NHL,2003,46,20
Nashville Predators,NHL,2003,27,35
New York Islanders,NHL,2003,35,34
New York Rangers,NHL,2003,32,36
Ottawa Senators,NHL,2003,52,21
Philadelphia Flyers,NHL,2003,45,20
Phoenix Coyotes,NHL,2003,31,35
Pittsburgh Penguins,NHL,2003,27,44
San Jose Sharks,NHL,2003,28,37
St. Louis Blues,NHL,2003,41,24
Tampa Bay Lightning,NHL,2003,36,25
Toronto Maple Leafs,NHL,2003,44,28
Vancouver Canucks,NHL,2003,45,23
Washington Capitals,NHL,2003,39,29
Atlanta Thrashers,NHL,2004,33,37
Boston Bruins,NHL,2004,41,19
Buffalo Sabres,NHL,2004,37,34
Carolina Hurricanes,NHL,2004,28,34
Columbus Blue Jackets,NHL,2004,25,45
Calgary Flames,NHL,2004,42,30
Chicago Blackhawks,NHL,2004,20,43
Colorado Avalanche,NHL,2004,40,22
Dallas Stars,NHL,2004,41,26
Detroit Red Wings,NHL,2004,48,21
Edmonton Oilers,NHL,2004,36,29
Florida Panthers,NHL,2004,28,35
Los Angeles Kings,NHL,2004,28,29
Mighty Ducks of Anaheim,NHL,2004,29,35
Minnesota Wild,NHL,2004,30,29
Montreal Canadiens,NHL,2004,41,30
New Jersey Devils,NHL,2004,43,25
Nashville Predators,NHL,2004,38,29
New York Islanders,NHL,2004,38,29
New York Rangers,NHL,2004,27,40
Ottawa Senators,NHL,2004,43,23
Philadelphia Flyers,NHL,2004,40,21
Phoenix Coyotes,NHL,2004,22,36
Pittsburgh Penguins,NHL,2004,23,47
San Jose Sharks,NHL,2004,43,21
St. Louis Blues,NHL,2004,39,30
Tampa Bay Lightning,NHL,2004,46,22
Toronto Maple Leafs,NHL,2004,45,24
Vancouver Canucks,NHL,2004,43,24
Washington Capitals,NHL,2004,23,46
Atlanta Thrashers,NHL,2005,null,null
Boston Bruins,NHL,2005,null,null
Buffalo Sabres,NHL,2005,null,null
Carolina Hurricanes,NHL,2005,null,null
Columbus Blue Jackets,NHL,2005,null,null
Calgary Flames,NHL,2005,null,null
Chicago Blackhawks,NHL,2005,null,null
Colorado Avalanche,NHL,2005,null,null
Dallas Stars,NHL,2005,null,null
Detroit Red Wings,NHL,2005,null,null
Edmonton Oilers,NHL,2005,null,null
Florida Panthers,NHL,2005,null,null
Los Angeles Kings,NHL,2005,null,null
Mighty Ducks of Anaheim,NHL,2005,null,null
Minnesota Wild,NHL,2005,null,null
Montreal Canadiens,NHL,2005,null,null
New Jersey Devils,NHL,2005,null,null
Nashville Predators,NHL,2005,null,null
New York Islanders,NHL,2005,null,null
New York Rangers,NHL,2005,null,null
Ottawa Senators,NHL,2005,null,null
Philadelphia Flyers,NHL,2005,null,null
Phoenix Coyotes,NHL,2005,null,null
Pittsburgh Penguins,NHL,2005,null,null
San Jose Sharks,NHL,2005,null,null
St. Louis Blues,NHL,2005,null,null
Tampa Bay Lightning,NHL,2005,null,null
Toronto Maple Leafs,NHL,2005,null,null
Vancouver Canucks,NHL,2005,null,null
Washington Capitals,NHL,2005,null,null
Atlanta Thrashers,NHL,2006,41,33
Boston Bruins,NHL,2006,29,37
Buffalo Sabres,NHL,2006,52,24
Carolina Hurricanes,NHL,2006,52,22
Columbus Blue Jackets,NHL,2006,35,43
Calgary Flames,NHL,2006,46,25
Chicago Blackhawks,NHL,2006,26,43
Colorado Avalanche,NHL,2006,43,30
Dallas Stars,NHL,2006,53,23
Detroit Red Wings,NHL,2006,58,16
Edmonton Oilers,NHL,2006,41,28
Florida Panthers,NHL,2006,37,34
Los Angeles Kings,NHL,2006,42,35
Mighty Ducks of Anaheim,NHL,2006,43,27
Minnesota Wild,NHL,2006,38,36
Montreal Canadiens,NHL,2006,42,31
New Jersey Devils,NHL,2006,46,27
Nashville Predators,NHL,2006,49,25
New York Islanders,NHL,2006,36,40
New York Rangers,NHL,2006,44,26
Ottawa Senators,NHL,2006,52,21
Philadelphia Flyers,NHL,2006,45,26
Phoenix Coyotes,NHL,2006,38,39
Pittsburgh Penguins,NHL,2006,22,46
San Jose Sharks,NHL,2006,44,27
St. Louis Blues,NHL,2006,21,46
Tampa Bay Lightning,NHL,2006,43,33
Toronto Maple Leafs,NHL,2006,41,33
Vancouver Canucks,NHL,2006,42,32
Washington Capitals,NHL,2006,29,41
Anaheim Ducks,NHL,2007,48,20
Atlanta Thrashers,NHL,2007,43,28
Boston Bruins,NHL,2007,35,41
Buffalo Sabres,NHL,2007,53,22
Carolina Hurricanes,NHL,2007,40,34
Columbus Blue Jackets,NHL,2007,33,42
Calgary Flames,NHL,2007,43,29
Chicago Blackhawks,NHL,2007,31,42
Colorado Avalanche,NHL,2007,44,31
Dallas Stars,NHL,2007,50,25
Detroit Red Wings,NHL,2007,50,19
Edmonton Oilers,NHL,2007,32,43
Florida Panthers,NHL,2007,35,31
Los Angeles Kings,NHL,2007,27,41
Minnesota Wild,NHL,2007,48,26
Montreal Canadiens,NHL,2007,42,34
New Jersey Devils,NHL,2007,49,24
Nashville Predators,NHL,2007,51,23
New York Islanders,NHL,2007,40,30
New York Rangers,NHL,2007,42,30
Ottawa Senators,NHL,2007,48,25
Philadelphia Flyers,NHL,2007,22,48
Phoenix Coyotes,NHL,2007,31,46
Pittsburgh Penguins,NHL,2007,47,24
San Jose Sharks,NHL,2007,51,26
St. Louis Blues,NHL,2007,34,35
Tampa Bay Lightning,NHL,2007,44,33
Toronto Maple Leafs,NHL,2007,40,31
Vancouver Canucks,NHL,2007,49,26
Washington Capitals,NHL,2007,28,40
Anaheim Ducks,NHL,2008,47,27
Atlanta Thrashers,NHL,2008,34,40
Boston Bruins,NHL,2008,41,29
Buffalo Sabres,NHL,2008,39,31
Carolina Hurricanes,NHL,2008,43,33
Columbus Blue Jackets,NHL,2008,34,36
Calgary Flames,NHL,2008,42,30
Chicago Blackhawks,NHL,2008,40,34
Colorado Avalanche,NHL,2008,44,31
Dallas Stars,NHL,2008,45,30
Detroit Red Wings,NHL,2008,54,21
Edmonton Oilers,NHL,2008,41,35
Florida Panthers,NHL,2008,38,35
Los Angeles Kings,NHL,2008,32,43
Minnesota Wild,NHL,2008,44,28
Montreal Canadiens,NHL,2008,47,25
New Jersey Devils,NHL,2008,46,29
Nashville Predators,NHL,2008,41,32
New York Islanders,NHL,2008,35,38
New York Rangers,NHL,2008,42,27
Ottawa Senators,NHL,2008,43,31
Philadelphia Flyers,NHL,2008,42,29
Phoenix Coyotes,NHL,2008,38,37
Pittsburgh Penguins,NHL,2008,47,27
San Jose Sharks,NHL,2008,49,23
St. Louis Blues,NHL,2008,33,36
Tampa Bay Lightning,NHL,2008,31,42
Toronto Maple Leafs,NHL,2008,36,35
Vancouver Canucks,NHL,2008,39,33
Washington Capitals,NHL,2008,43,31
Anaheim Ducks,NHL,2009,42,33
Atlanta Thrashers,NHL,2009,35,41
Boston Bruins,NHL,2009,53,19
Buffalo Sabres,NHL,2009,41,32
Carolina Hurricanes,NHL,2009,45,30
Columbus Blue Jackets,NHL,2009,41,31
Calgary Flames,NHL,2009,46,30
Chicago Blackhawks,NHL,2009,46,24
Colorado Avalanche,NHL,2009,32,45
Dallas Stars,NHL,2009,36,35
Detroit Red Wings,NHL,2009,51,21
Edmonton Oilers,NHL,2009,38,35
Florida Panthers,NHL,2009,41,30
Los Angeles Kings,NHL,2009,34,37
Minnesota Wild,NHL,2009,40,33
Montreal Canadiens,NHL,2009,41,30
New Jersey Devils,NHL,2009,51,27
Nashville Predators,NHL,2009,40,34
New York Islanders,NHL,2009,26,47
New York Rangers,NHL,2009,43,30
Ottawa Senators,NHL,2009,36,35
Philadelphia Flyers,NHL,2009,44,27
Phoenix Coyotes,NHL,2009,36,39
Pittsburgh Penguins,NHL,2009,45,28
San Jose Sharks,NHL,2009,53,18
St. Louis Blues,NHL,2009,41,31
Tampa Bay Lightning,NHL,2009,24,40
Toronto Maple Leafs,NHL,2009,34,35
Vancouver Canucks,NHL,2009,45,27
Washington Capitals,NHL,2009,50,24
Anaheim Ducks,NHL,2010,39,32
Atlanta Thrashers,NHL,2010,35,34
Boston Bruins,NHL,2010,39,30
Buffalo Sabres,NHL,2010,45,27
Carolina Hurricanes,NHL,2010,35,37
Columbus Blue Jackets,NHL,2010,32,35
Calgary Flames,NHL,2010,40,32
Chicago Blackhawks,NHL,2010,52,22
Colorado Avalanche,NHL,2010,43,30
Dallas Stars,NHL,2010,37,31
Detroit Red Wings,NHL,2010,44,24
Edmonton Oilers,NHL,2010,27,47
Florida Panthers,NHL,2010,32,37
Los Angeles Kings,NHL,2010,46,27
Minnesota Wild,NHL,2010,38,36
Montreal Canadiens,NHL,2010,39,33
New Jersey Devils,NHL,2010,48,27
Nashville Predators,NHL,2010,47,29
New York Islanders,NHL,2010,34,37
New York Rangers,NHL,2010,38,33
Ottawa Senators,NHL,2010,44,32
Philadelphia Flyers,NHL,2010,41,35
Phoenix Coyotes,NHL,2010,50,25
Pittsburgh Penguins,NHL,2010,47,28
San Jose Sharks,NHL,2010,51,20
St. Louis Blues,NHL,2010,40,32
Tampa Bay Lightning,NHL,2010,34,36
Toronto Maple Leafs,NHL,2010,30,38
Vancouver Canucks,NHL,2010,49,28
Washington Capitals,NHL,2010,54,15
Anaheim Ducks,NHL,2011,47,30
Atlanta Thrashers,NHL,2011,34,36
Boston Bruins,NHL,2011,46,25
Buffalo Sabres,NHL,2011,43,29
Carolina Hurricanes,NHL,2011,40,31
Columbus Blue Jackets,NHL,2011,34,35
Calgary Flames,NHL,2011,41,29
Chicago Blackhawks,NHL,2011,44,29
Colorado Avalanche,NHL,2011,30,44
Dallas Stars,NHL,2011,42,29
Detroit Red Wings,NHL,2011,47,25
Edmonton Oilers,NHL,2011,25,45
Florida Panthers,NHL,2011,30,40
Los Angeles Kings,NHL,2011,46,30
Minnesota Wild,NHL,2011,39,35
Montreal Canadiens,NHL,2011,44,30
New Jersey Devils,NHL,2011,38,39
Nashville Predators,NHL,2011,44,27
New York Islanders,NHL,2011,30,39
New York Rangers,NHL,2011,44,33
Ottawa Senators,NHL,2011,32,40
Philadelphia Flyers,NHL,2011,47,23
Phoenix Coyotes,NHL,2011,43,26
Pittsburgh Penguins,NHL,2011,49,25
San Jose Sharks,NHL,2011,48,25
St. Louis Blues,NHL,2011,38,33
Tampa Bay Lightning,NHL,2011,46,25
Toronto Maple Leafs,NHL,2011,37,34
Vancouver Canucks,NHL,2011,54,19
Washington Capitals,NHL,2011,48,23
Anaheim Ducks,NHL,2012,34,36
Boston Bruins,NHL,2012,49,29
Buffalo Sabres,NHL,2012,39,32
Carolina Hurricanes,NHL,2012,33,33
Columbus Blue Jackets,NHL,2012,29,46
Calgary Flames,NHL,2012,37,29
Chicago Blackhawks,NHL,2012,45,26
Colorado Avalanche,NHL,2012,41,35
Dallas Stars,NHL,2012,42,35
Detroit Red Wings,NHL,2012,48,28
Edmonton Oilers,NHL,2012,32,40
Florida Panthers,NHL,2012,38,26
Los Angeles Kings,NHL,2012,40,27
Minnesota Wild,NHL,2012,35,36
Montreal Canadiens,NHL,2012,31,35
New Jersey Devils,NHL,2012,48,28
Nashville Predators,NHL,2012,48,26
New York Islanders,NHL,2012,34,37
New York Rangers,NHL,2012,51,24
Ottawa Senators,NHL,2012,41,31
Philadelphia Flyers,NHL,2012,47,26
Phoenix Coyotes,NHL,2012,42,27
Pittsburgh Penguins,NHL,2012,51,25
San Jose Sharks,NHL,2012,43,29
St. Louis Blues,NHL,2012,49,22
Tampa Bay Lightning,NHL,2012,38,36
Toronto Maple Leafs,NHL,2012,35,37
Vancouver Canucks,NHL,2012,51,22
Winnipeg Jets,NHL,2012,37,35
Washington Capitals,NHL,2012,42,32
Anaheim Ducks,NHL,2013,30,12
Boston Bruins,NHL,2013,28,14
Buffalo Sabres,NHL,2013,21,21
Carolina Hurricanes,NHL,2013,19,25
Columbus Blue Jackets,NHL,2013,24,17
Calgary Flames,NHL,2013,19,25
Chicago Blackhawks,NHL,2013,36,7
Colorado Avalanche,NHL,2013,16,25
Dallas Stars,NHL,2013,22,22
Detroit Red Wings,NHL,2013,24,16
Edmonton Oilers,NHL,2013,19,22
Florida Panthers,NHL,2013,15,27
Los Angeles Kings,NHL,2013,27,16
Minnesota Wild,NHL,2013,26,19
Montreal Canadiens,NHL,2013,29,14
New Jersey Devils,NHL,2013,19,19
Nashville Predators,NHL,2013,16,23
New York Islanders,NHL,2013,24,17
New York Rangers,NHL,2013,26,18
Ottawa Senators,NHL,2013,25,17
Philadelphia Flyers,NHL,2013,23,22
Phoenix Coyotes,NHL,2013,21,18
Pittsburgh Penguins,NHL,2013,36,12
San Jose Sharks,NHL,2013,25,16
St. Louis Blues,NHL,2013,29,17
Tampa Bay Lightning,NHL,2013,18,26
Toronto Maple Leafs,NHL,2013,26,17
Vancouver Canucks,NHL,2013,26,15
Winnipeg Jets,NHL,2013,24,21
Washington Capitals,NHL,2013,27,18
Anaheim Ducks,NHL,2014,54,20
Boston Bruins,NHL,2014,54,19
Buffalo Sabres,NHL,2014,21,51
Carolina Hurricanes,NHL,2014,36,35
Columbus Blue Jackets,NHL,2014,43,32
Calgary Flames,NHL,2014,35,40
Chicago Blackhawks,NHL,2014,46,21
Colorado Avalanche,NHL,2014,52,22
Dallas Stars,NHL,2014,40,31
Detroit Red Wings,NHL,2014,39,28
Edmonton Oilers,NHL,2014,29,44
Florida Panthers,NHL,2014,29,45
Los Angeles Kings,NHL,2014,46,28
Minnesota Wild,NHL,2014,43,27
Montreal Canadiens,NHL,2014,46,28
New Jersey Devils,NHL,2014,35,29
Nashville Predators,NHL,2014,38,32
New York Islanders,NHL,2014,34,37
New York Rangers,NHL,2014,45,31
Ottawa Senators,NHL,2014,37,31
Philadelphia Flyers,NHL,2014,42,30
Phoenix Coyotes,NHL,2014,37,30
Pittsburgh Penguins,NHL,2014,51,24
San Jose Sharks,NHL,2014,51,22
St. Louis Blues,NHL,2014,52,23
Tampa Bay Lightning,NHL,2014,46,27
Toronto Maple Leafs,NHL,2014,38,36
Vancouver Canucks,NHL,2014,36,35
Winnipeg Jets,NHL,2014,37,35
Washington Capitals,NHL,2014,38,30
Anaheim Ducks,NHL,2015,51,24
Arizona Coyotes,NHL,2015,24,50
Boston Bruins,NHL,2015,41,27
Buffalo Sabres,NHL,2015,23,51
Carolina Hurricanes,NHL,2015,30,41
Columbus Blue Jackets,NHL,2015,42,35
Calgary Flames,NHL,2015,45,30
Chicago Blackhawks,NHL,2015,48,28
Colorado Avalanche,NHL,2015,39,31
Dallas Stars,NHL,2015,41,31
Detroit Red Wings,NHL,2015,43,25
Edmonton Oilers,NHL,2015,24,44
Florida Panthers,NHL,2015,38,29
Los Angeles Kings,NHL,2015,40,27
Minnesota Wild,NHL,2015,46,28
Montreal Canadiens,NHL,2015,50,22
New Jersey Devils,NHL,2015,32,36
Nashville Predators,NHL,2015,47,25
New York Islanders,NHL,2015,47,28
New York Rangers,NHL,2015,53,22
Ottawa Senators,NHL,2015,43,26
Philadelphia Flyers,NHL,2015,33,31
Pittsburgh Penguins,NHL,2015,43,27
San Jose Sharks,NHL,2015,40,33
St. Louis Blues,NHL,2015,51,24
Tampa Bay Lightning,NHL,2015,50,24
Toronto Maple Leafs,NHL,2015,30,44
Vancouver Canucks,NHL,2015,48,29
Winnipeg Jets,NHL,2015,43,26
Washington Capitals,NHL,2015,45,26
Anaheim Ducks,NHL,2016,46,25
Arizona Coyotes,NHL,2016,35,39
Boston Bruins,NHL,2016,42,31
Buffalo Sabres,NHL,2016,35,36
Carolina Hurricanes,NHL,2016,35,31
Columbus Blue Jackets,NHL,2016,34,40
Calgary Flames,NHL,2016,35,40
Chicago Blackhawks,NHL,2016,47,26
Colorado Avalanche,NHL,2016,39,39
Dallas Stars,NHL,2016,50,23
Detroit Red Wings,NHL,2016,41,30
Edmonton Oilers,NHL,2016,31,43
Florida Panthers,NHL,2016,47,26
Los Angeles Kings,NHL,2016,48,28
Minnesota Wild,NHL,2016,38,33
Montreal Canadiens,NHL,2016,38,38
New Jersey Devils,NHL,2016,38,36
Nashville Predators,NHL,2016,41,27
New York Islanders,NHL,2016,45,27
New York Rangers,NHL,2016,46,27
Ottawa Senators,NHL,2016,38,35
Philadelphia Flyers,NHL,2016,41,27
Pittsburgh Penguins,NHL,2016,48,26
San Jose Sharks,NHL,2016,46,30
St. Louis Blues,NHL,2016,49,24
Tampa Bay Lightning,NHL,2016,46,31
Toronto Maple Leafs,NHL,2016,29,42
Vancouver Canucks,NHL,2016,31,38
Winnipeg Jets,NHL,2016,35,39
Washington Capitals,NHL,2016,56,18
Anaheim Ducks,NHL,2017,46,23
Arizona Coyotes,NHL,2017,30,42
Boston Bruins,NHL,2017,44,31
Buffalo Sabres,NHL,2017,33,37
Carolina Hurricanes,NHL,2017,36,31
Columbus Blue Jackets,NHL,2017,50,24
Calgary Flames,NHL,2017,45,33
Chicago Blackhawks,NHL,2017,50,23
Colorado Avalanche,NHL,2017,22,56
Dallas Stars,NHL,2017,34,37
Detroit Red Wings,NHL,2017,33,36
Edmonton Oilers,NHL,2017,47,26
Florida Panthers,NHL,2017,35,36
Los Angeles Kings,NHL,2017,39,35
Minnesota Wild,NHL,2017,49,25
Montreal Canadiens,NHL,2017,47,26
New Jersey Devils,NHL,2017,28,40
Nashville Predators,NHL,2017,41,29
New York Islanders,NHL,2017,41,29
New York Rangers,NHL,2017,48,28
Ottawa Senators,NHL,2017,44,28
Philadelphia Flyers,NHL,2017,39,33
Pittsburgh Penguins,NHL,2017,50,21
San Jose Sharks,NHL,2017,46,29
St. Louis Blues,NHL,2017,46,29
Tampa Bay Lightning,NHL,2017,42,30
Toronto Maple Leafs,NHL,2017,40,27
Vancouver Canucks,NHL,2017,30,43
Winnipeg Jets,NHL,2017,40,35
Washington Capitals,NHL,2017,55,19
Anaheim Ducks,NHL,2018,44,25
Arizona Coyotes,NHL,2018,29,41
Boston Bruins,NHL,2018,50,20
Buffalo Sabres,NHL,2018,25,45
Carolina Hurricanes,NHL,2018,36,35
Columbus Blue Jackets,NHL,2018,45,30
Calgary Flames,NHL,2018,37,35
Chicago Blackhawks,NHL,2018,33,39
Colorado Avalanche,NHL,2018,43,30
Dallas Stars,NHL,2018,42,32
Detroit Red Wings,NHL,2018,30,39
Edmonton Oilers,NHL,2018,36,40
Florida Panthers,NHL,2018,44,30
Los Angeles Kings,NHL,2018,45,29
Minnesota Wild,NHL,2018,45,26
Montreal Canadiens,NHL,2018,29,40
New Jersey Devils,NHL,2018,44,29
Nashville Predators,NHL,2018,53,18
New York Islanders,NHL,2018,35,37
New York Rangers,NHL,2018,34,39
Ottawa Senators,NHL,2018,28,43
Philadelphia Flyers,NHL,2018,42,26
Pittsburgh Penguins,NHL,2018,47,29
San Jose Sharks,NHL,2018,45,27
St. Louis Blues,NHL,2018,44,32
Tampa Bay Lightning,NHL,2018,54,23
Toronto Maple Leafs,NHL,2018,49,26
Vancouver Canucks,NHL,2018,31,40
Vegas Golden Knights,NHL,2018,51,24
Winnipeg Jets,NHL,2018,52,20
Washington Capitals,NHL,2018,49,26
Anaheim Ducks,NHL,2019,35,37
Arizona Coyotes,NHL,2019,39,35
Boston Bruins,NHL,2019,49,24
Buffalo Sabres,NHL,2019,33,39
Carolina Hurricanes,NHL,2019,46,29
Columbus Blue Jackets,NHL,2019,47,31
Calgary Flames,NHL,2019,50,25
Chicago Blackhawks,NHL,2019,36,34
Colorado Avalanche,NHL,2019,38,30
Dallas Stars,NHL,2019,43,32
Detroit Red Wings,NHL,2019,32,40
Edmonton Oilers,NHL,2019,35,38
Florida Panthers,NHL,2019,36,32
Los Angeles Kings,NHL,2019,31,42
Minnesota Wild,NHL,2019,37,36
Montreal Canadiens,NHL,2019,44,30
New Jersey Devils,NHL,2019,31,41
Nashville Predators,NHL,2019,47,29
New York Islanders,NHL,2019,48,27
New York Rangers,NHL,2019,32,36
Ottawa Senators,NHL,2019,29,47
Philadelphia Flyers,NHL,2019,37,37
Pittsburgh Penguins,NHL,2019,44,26
San Jose Sharks,NHL,2019,46,27
St. Louis Blues,NHL,2019,45,28
Tampa Bay Lightning,NHL,2019,62,16
Toronto Maple Leafs,NHL,2019,46,28
Vancouver Canucks,NHL,2019,35,36
Vegas Golden Knights,NHL,2019,43,32
Winnipeg Jets,NHL,2019,47,30
Washington Capitals,NHL,2019,48,26
Anaheim Ducks,NHL,2020,29,33
Arizona Coyotes,NHL,2020,33,29
Boston Bruins,NHL,2020,44,14
Buffalo Sabres,NHL,2020,30,31
Carolina Hurricanes,NHL,2020,38,25
Columbus Blue Jackets,NHL,2020,33,22
Calgary Flames,NHL,2020,36,27
Chicago Blackhawks,NHL,2020,32,30
Colorado Avalanche,NHL,2020,42,20
Dallas Stars,NHL,2020,37,24
Detroit Red Wings,NHL,2020,17,49
Edmonton Oilers,NHL,2020,37,25
Florida Panthers,NHL,2020,35,26
Los Angeles Kings,NHL,2020,29,35
Minnesota Wild,NHL,2020,35,27
Montreal Canadiens,NHL,2020,31,31
New Jersey Devils,NHL,2020,28,29
Nashville Predators,NHL,2020,35,26
New York Islanders,NHL,2020,35,23
New York Rangers,NHL,2020,37,28
Ottawa Senators,NHL,2020,25,34
Philadelphia Flyers,NHL,2020,41,21
Pittsburgh Penguins,NHL,2020,40,23
San Jose Sharks,NHL,2020,29,36
St. Louis Blues,NHL,2020,42,19
Tampa Bay Lightning,NHL,2020,43,21
Toronto Maple Leafs,NHL,2020,36,25
Vancouver Canucks,NHL,2020,36,27
Vegas Golden Knights,NHL,2020,39,24
Winnipeg Jets,NHL,2020,37,28
Washington Capitals,NHL,2020,41,20
Anaheim Ducks,NHL,2021,17,30
Arizona Coyotes,NHL,2021,24,26
Boston Bruins,NHL,2021,33,16
Buffalo Sabres,NHL,2021,15,34
Carolina Hurricanes,NHL,2021,36,12
Columbus Blue Jackets,NHL,2021,18,26
Calgary Flames,NHL,2021,26,27
Chicago Blackhawks,NHL,2021,24,25
Colorado Avalanche,NHL,2021,39,13
Dallas Stars,NHL,2021,23,19
Detroit Red Wings,NHL,2021,19,27
Edmonton Oilers,NHL,2021,35,19
Florida Panthers,NHL,2021,37,14
Los Angeles Kings,NHL,2021,21,28
Minnesota Wild,NHL,2021,35,16
Montreal Canadiens,NHL,2021,24,21
New Jersey Devils,NHL,2021,19,30
Nashville Predators,NHL,2021,31,23
New York Islanders,NHL,2021,32,17
New York Rangers,NHL,2021,27,23
Ottawa Senators,NHL,2021,23,28
Philadelphia Flyers,NHL,2021,25,23
Pittsburgh Penguins,NHL,2021,37,16
San Jose Sharks,NHL,2021,21,28
St. Louis Blues,NHL,2021,27,20
Tampa Bay Lightning,NHL,2021,36,17
Toronto Maple Leafs,NHL,2021,35,14
Vancouver Canucks,NHL,2021,23,29
Vegas Golden Knights,NHL,2021,40,14
Winnipeg Jets,NHL,2021,30,23
Washington Capitals,NHL,2021,36,15
